id,identifier,pmid,dataset_id,is_pre_print
1,10.1186/gb-2012-13-10-r100,23075480,1,false
2,10.1038/nature10158,21743474,2,false
3,10.1038/nature11450,23023125,3,false
4,10.1038/nature11413,22992520,4,false
5,10.1126/science.1211177,21940856,7,false
6,10.1038/nbt.1932,21804562,10,false
7,10.1038/ng.919,21873998,11,false
8,10.1038/ng.2295,22634754,12,false
9,10.1038/nbt.1992,22002653,13,false
10,10.1159/000151320,18931490,14,false
11,10.1038/ng.475,19881527,14,false
12,10.1371/journal.pone.0005795,19495411,14,false
13,10.1056/NEJMoa1107643,21793736,15,false
14,10.1126/science.1192428,20798317,17,false
15,10.1002/hep.25850,22610944,18,false
16,10.1126/science.1192428,20798317,19,false
17,10.1101/gr.121392.111,21719571,20,false
18,10.1186/2047-217X-1-16,23587058,21,false
19,10.1038/nbt.2195,22580950,22,false
20,10.1186/2047-217X-1-3,23587164,23,false
21,10.1038/nature10533,21993625,24,false
22,10.1038/nature08696,20010809,25,false
23,10.1038/nbt.2022,22057054,28,false
24,10.1038/nbt.1992,22002653,29,false
25,10.1038/nature10553,22031327,30,false
26,10.1038/nature08835,20148029,31,false
27,10.1038/ng.1065,22246508,32,false
28,10.1111/j.1365-2052.2010.02100.x,20809919,33,false
29,10.1126/science.1176620,19713493,34,false
30,10.1186/2047-217X-1-12,23587365,35,false
31,10.1186/gb-2011-12-11-r114,22104744,36,false
32,10.1038/nature07484,18987735,37,false
33,10.1371/journal.pbio.1000533,21085693,38,false
34,10.1038/nbt.2122,22327324,39,false
35,10.1186/2047-217X-1-18,23587118,41,false
36,10.1126/science.1230422,23371554,26,false
37,10.1038/ncomms2860,23673643,9,false
38,10.1534/genetics.113.153049,23695301,56,false
39,10.1038/nature11997,23535596,44,false
40,10.1038/nbt.2280,22750884,60,false
41,10.1186/2047-217X-1-14,23587420,5,false
42,10.1186/2047-217X-1-17,23587100,5,false
43,10.1186/2047-217X-1-13,23587407,5,false
44,10.1186/2047-217X-2-4,23587339,42,false
45,10.1186/2047-217X-2-4,23587339,43,false
46,10.1021/pr301153z,23544749,55,false
47,10.1074/mcp.M112.025817,23665590,52,false
48,10.1186/2047-217X-2-6,23628139,54,false
49,10.1073/pnas.1219082110,23610408,45,false
50,10.1186/2047-217X-2-10,23870653,57,false
51,10.1186/2047-217X-2-10,23870653,58,false
52,10.1186/2047-217X-2-10,23870653,59,false
53,10.1371/journal.pone.0074229,24058531,61,false
54,10.1126/science.1230835,23258410,71,false
55,10.1126/science.1230835,23258410,72,false
56,10.1038/ncomms3212,23962925,73,false
57,10.3897/BDJ.1.e1013,,69,false
58,10.1038/ng.2343,22751099,76,false
59,10.1186/2047-217X-2-17,,77,false
60,10.1038/ng.2588,23525076,78,false
61,10.1038/ng.2588,23525076,79,false
62,10.1038/ng.2657,23749191,80,false
63,10.1186/gb-2014-15-2-r33,,119,false
64,10.1186/gb-2013-14-3-r29,23537097,119,false
65,10.1038/nbt.2491,,120,false
66,10.1038/cr.2013.104,24165891,121,false
67,10.1038/ng.2524,,122,false
68,10.1038/ng.2371,22922876,123,false
69,10.1038/nature12323,,124,false
70,10.1111/j.1365-313X.2012.05093.x,22757964,125,false
71,10.1038/nbt.2478,23263233,126,false
72,10.1101/gr.144311.112,23149293,127,false
73,10.1038/ncomms2290,,128,false
74,10.1038/ng.2615,23624526,129,false
75,10.1038/ng.2470,23179023,130,false
76,10.1038/ncomms2416,23385571,131,false
77,10.1038/ng.2615,23624526,132,false
78,doi:10.1186/2047-217X-3-3,,135,false
79,doi:10.1186/2047-217X-3-5,,136,false
80,10.1016/j.cell.2014.03.054,,27,false
81,10.1186/2047-217X-2-16,,74,false
82,10.1038/srep05288,,62,false
83,10.1038/nbt.2942,,70,false
84,10.1371/journal.pone.0096617,,141,false
85,10.1186/2047-217X-3-6,,141,false
86,10.1186/2047-217X-3-10,,144,false
87,10.1186/2047-217X-3-12,,143,false
88,10.1186/2047-217X-3-13,,147,false
89,10.1186/2047-217X-3-8,,142,false
90,10.1186/2047-217X-3-7,,142,false
91,10.1186/1471-2164-15-716,,75,false
92,10.1186/2047-217X-3-14,,155,false
93,10.1073/pnas.1319718111,,53,false
94,10.1073/pnas.1319718111,,63,false
95,10.1073/pnas.1319718111,,64,false
96,10.1073/pnas.1319718111,,65,false
97,10.1016/j.neuroimage.2013.09.054,24096127,54,false
98,10.1186/2047-217X-3-21,,153,false
99,10.1186/2047-217X-3-25,,151,false
100,10.1186/s13059-014-0411-5,,151,false
101,10.1186/2047-217X-3-18,,161,false
102,10.1186/2047-217X-3-20,,159,false
103,10.1093/gbe/evu242,,156,false
104,10.1186/2047-217X-3-22,,154,false
105,10.1186/2047-217X-3-9,,137,false
106,10.1038/nature07484,18987735,40,false
107,10.1186/2047-217X-3-23,,158,false
108,10.1186/2047-217X-3-30,,170,false
109,10.1186/s13059-014-0557-1,,83,false
115,10.1186/2047-217X-3-26,,81,false
116,10.1186/2047-217X-3-26,,60,false
117,10.1186/2047-217X-3-26,,6,false
118,10.1186/2047-217X-3-26,,16,false
119,10.1186/2047-217X-3-26,,8,false
120,10.1186/2047-217X-3-26,,26,false
121,10.1186/2047-217X-3-26,,80,false
122,10.1186/2047-217X-3-26,,79,false
123,10.1186/2047-217X-3-26,,82,false
124,10.1186/2047-217X-3-26,,83,false
125,10.1186/2047-217X-3-26,,84,false
126,10.1186/2047-217X-3-26,,85,false
127,10.1186/2047-217X-3-26,,86,false
128,10.1186/2047-217X-3-26,,87,false
129,10.1186/2047-217X-3-26,,88,false
130,10.1186/2047-217X-3-26,,89,false
131,10.1186/2047-217X-3-26,,90,false
132,10.1186/2047-217X-3-26,,91,false
133,10.1186/2047-217X-3-26,,92,false
134,10.1186/2047-217X-3-26,,93,false
135,10.1186/2047-217X-3-26,,94,false
136,10.1186/2047-217X-3-26,,95,false
137,10.1186/2047-217X-3-26,,96,false
138,10.1186/2047-217X-3-26,,97,false
139,10.1186/2047-217X-3-26,,98,false
140,10.1186/2047-217X-3-26,,99,false
141,10.1186/2047-217X-3-26,,100,false
142,10.1186/2047-217X-3-26,,101,false
143,10.1186/2047-217X-3-26,,102,false
144,10.1186/2047-217X-3-26,,103,false
145,10.1186/2047-217X-3-26,,104,false
146,10.1186/2047-217X-3-26,,105,false
147,10.1186/2047-217X-3-26,,106,false
148,10.1186/2047-217X-3-26,,107,false
149,10.1186/2047-217X-3-26,,108,false
150,10.1186/2047-217X-3-26,,109,false
151,10.1186/2047-217X-3-26,,110,false
152,10.1186/2047-217X-3-26,,111,false
153,10.1186/2047-217X-3-26,,112,false
154,10.1186/2047-217X-3-26,,113,false
155,10.1186/2047-217X-3-26,,114,false
156,10.1186/2047-217X-3-26,,115,false
157,10.1186/2047-217X-3-26,,116,false
158,10.1186/2047-217X-3-26,,117,false
159,10.1186/2047-217X-3-26,,118,false
160,10.1186/2047-217X-3-26,,138,false
161,10.1186/2047-217X-3-26,,172,false
162,10.1186/2047-217X-3-27,,16,false
163,10.1186/2047-217X-3-27,,8,false
164,10.1126/science.1251385,,81,false
165,10.1126/science.1251385,,60,false
166,10.1126/science.1251385,,6,false
167,10.1126/science.1251385,,16,false
168,10.1126/science.1251385,,8,false
169,10.1126/science.1251385,,26,false
170,10.1126/science.1251385,,80,false
171,10.1126/science.1251385,,79,false
172,10.1126/science.1251385,,82,false
173,10.1126/science.1251385,,83,false
174,10.1126/science.1251385,,84,false
175,10.1126/science.1251385,,85,false
176,10.1126/science.1251385,,86,false
177,10.1126/science.1251385,,87,false
178,10.1126/science.1251385,,88,false
179,10.1126/science.1251385,,89,false
180,10.1126/science.1251385,,90,false
181,10.1126/science.1251385,,91,false
182,10.1126/science.1251385,,92,false
183,10.1126/science.1251385,,93,false
184,10.1126/science.1251385,,94,false
185,10.1126/science.1251385,,95,false
186,10.1126/science.1251385,,96,false
187,10.1126/science.1251385,,97,false
188,10.1126/science.1251385,,98,false
189,10.1126/science.1251385,,99,false
190,10.1126/science.1251385,,100,false
191,10.1126/science.1251385,,101,false
192,10.1126/science.1251385,,102,false
193,10.1126/science.1251385,,103,false
194,10.1126/science.1251385,,104,false
195,10.1126/science.1251385,,105,false
196,10.1126/science.1251385,,106,false
197,10.1126/science.1251385,,107,false
198,10.1126/science.1251385,,108,false
199,10.1126/science.1251385,,109,false
200,10.1126/science.1251385,,110,false
201,10.1126/science.1251385,,111,false
202,10.1126/science.1251385,,112,false
203,10.1126/science.1251385,,113,false
204,10.1126/science.1251385,,114,false
205,10.1126/science.1251385,,115,false
206,10.1126/science.1251385,,116,false
207,10.1126/science.1251385,,117,false
208,10.1126/science.1251385,,118,false
209,10.1126/science.1251385,,138,false
210,10.1126/science.1251385,,172,false
211,10.1126/science.1254449,,160,false
212,10.1126/science.1254449,,166,false
213,10.1126/science.1254449,,165,false
214,10.1126/science.1254449,,164,false
215,10.1126/science.1253451,,81,false
216,10.1126/science.1253451,,60,false
217,10.1126/science.1253451,,6,false
218,10.1126/science.1253451,,16,false
219,10.1126/science.1253451,,8,false
220,10.1126/science.1253451,,26,false
221,10.1126/science.1253451,,80,false
222,10.1126/science.1253451,,79,false
223,10.1126/science.1253451,,82,false
224,10.1126/science.1253451,,83,false
225,10.1126/science.1253451,,84,false
226,10.1126/science.1253451,,85,false
227,10.1126/science.1253451,,86,false
228,10.1126/science.1253451,,87,false
229,10.1126/science.1253451,,88,false
230,10.1126/science.1253451,,89,false
231,10.1126/science.1253451,,90,false
232,10.1126/science.1253451,,91,false
233,10.1126/science.1253451,,92,false
234,10.1126/science.1253451,,93,false
235,10.1126/science.1253451,,94,false
236,10.1126/science.1253451,,95,false
237,10.1126/science.1253451,,96,false
238,10.1126/science.1253451,,97,false
239,10.1126/science.1253451,,98,false
240,10.1126/science.1253451,,99,false
241,10.1126/science.1253451,,100,false
242,10.1126/science.1253451,,101,false
243,10.1126/science.1253451,,102,false
244,10.1126/science.1253451,,103,false
245,10.1126/science.1253451,,104,false
246,10.1126/science.1253451,,105,false
247,10.1126/science.1253451,,106,false
248,10.1126/science.1253451,,107,false
249,10.1126/science.1253451,,108,false
250,10.1126/science.1253451,,109,false
251,10.1126/science.1253451,,110,false
252,10.1126/science.1253451,,111,false
253,10.1126/science.1253451,,112,false
254,10.1126/science.1253451,,113,false
255,10.1126/science.1253451,,114,false
256,10.1126/science.1253451,,115,false
257,10.1126/science.1253451,,116,false
258,10.1126/science.1253451,,117,false
259,10.1126/science.1253451,,118,false
260,10.1126/science.1253451,,138,false
261,10.1126/science.1253451,,172,false
262,10.1186/2047-217X-3-11,,60,false
263,10.1186/2047-217X-4-1,,149,false
264,10.1186/2047-217X-3-35,,163,false
265,10.1186/2047-217X-3-37,,162,false
266,10.1186/2047-217X-3-34,,146,false
267,10.1021/pr401068k,,148,false
268,10.1073/pnas.1501764112,,186,false
269,10.1186/s13742-015-0053-x,,192,false
270,10.1186/s13742-015-0061-x,,196,false
271,10.1186/s13742-015-0050-0,,181,false
272,10.1186/s13742-015-0047-8,,184,false
273,10.1186/s13742-015-0046-9,,182,false
274,10.1186/s13742-015-0049-6,,183,false
275,10.1186/s13742-015-0051-z,,191,false
276,10.1186/s13059-014-0521-0,,197,false
277,10.1186/s13742-015-0059-4,,187,false
278,10.1038/ncomms7528,,202,false
279,10.1186/s13742-015-0057-6,,193,false
280,10.1186/s13742-015-0063-8,,199,false
281,10.1186/s13742-015-0064-7,,200,false
282,10.1186/s13742-015-0062-9,,92,false
283,10.1016/j.chom.2015.04.004,,188,false
284,10.1038/nbt.3200,,150,false
285,10.1186/s13742-015-0068-3,,177,false
286,10.1186/s13742-015-0076-3,,212,false
287,10.1186/s13742-015-0080-7,,203,false
288,10.1186/s13742-015-0081-6,,213,false
289,10.1186/s13742-015-0083-4,,215,false
290,10.1186/s13742-015-0084-3,,220,false
291,10.1038/nature14659,26176920,210,false
292,10.1186/s13742-015-0082-5,,214,false
293,10.1186/s13742-015-0078-1,,209,false
294,10.1186/s13742-015-0085-2,,221,false
295,10.1186/s13742-015-0088-z,,217,false
296,10.1186/s13742-015-0056-7,,195,false
297,10.1186/s13742-015-0054-9,,148,false
298,10.1186/s13742-015-0060-y,,171,false
299,10.1186/s13742-015-0065-6,,198,false
300,10.1186/s13742-015-0073-6,,208,false
301,10.1186/s13742-015-0070-9,,204,false
302,10.1186/s13742-015-0069-2,,205,false
303,10.1186/2047-217X-1-18,,205,false
304,10.1186/s13742-015-0075-4,,211,false
305,10.1038/nbt.3353,,173,false
306,10.1186/s13742-015-0094-1,,228,false
307,10.1186/s13742-015-0098-x,,232,false
308,10.1186/s13742-015-0099-9,,233,false
309,10.1186/s13742-015-0093-2,,185,false
310,10.1186/s13742-015-0092-3,,227,false
311,10.1186/s13742-015-0097-y,,229,false
312,10.1186/s13742-015-0090-5,,216,false
313,10.1186/s13742-015-0091-4,,231,false
314,10.1186/s13742-015-0089-y,,224,false
315,10.1186/s13742-015-0104-3,,235,false
316,10.1186/s13742-015-0102-5,,230,false
317,10.1186/s13742-015-0101-6,,234,false
318,10.1186/s13742-015-0107-0,,238,false
319,10.1186/s13742-015-0103-4,,226,false
320,10.1186/s13742-015-0106-1,,236,false
321,10.1186/s13742-015-0106-1,,237,false
322,10.1186/s13742-016-0109-6,,240,false
323,10.1186/s13742-016-0112-y,,244,false
324,10.1186/s13742-016-0108-7,,242,false
325,10.1186/s13742-016-0111-z,,239,false
326,10.1186/s13742-016-0110-0,,236,false
327,10.1186/s13742-016-0114-9,,241,false
328,10.1186/s13742-016-0113-x,,245,false
329,10.1186/s13742-015-0105-2,,243,false
330,10.1038/srep20796,,4,false
331,10.1111/zsc.12175,,246,false
332,10.1186/s13742-016-0119-4,,246,false
333,10.1038/nature14659,,250,false
334,10.1016/j.cub.2015.10.065,,250,false
335,10.1186/s13742-016-0122-9,,248,false
336,10.1186/s13742-016-0125-6,,252,false
337,10.1038/ng.3576,,218,false
338,10.1186/s13742-016-0129-2,,254,false
339,10.1186/s13742-016-0128-3,,256,false
340,10.1186/s13742-016-0131-8,,255,false
341,10.1186/s13742-016-0115-8,,219,false
342,10.1186/s13742-015-0086-1,,206,false
343,10.1186/s13742-016-0134-5,,257,false
344,10.1186/s13742-016-0130-9,,259,false
345,10.1186/s13742-016-0136-3,,261,false
346,10.1186/s13742-016-0137-2,,262,false
347,10.1101/069625,,268,false
348,10.1186/s13742-016-0139-0,,263,false
349,10.1186/s13742-016-0142-5,,271,false
350,10.1186/s13742-016-0141-6,,265,false
351,10.1186/s13742-016-0143-4,,273,false
352,10.1186/s13742-016-0133-6,,258,false
353,10.1186/s13742-016-0138-1,,269,false
354,10.1186/s13742-016-0140-7,,264,false
355,10.1186/s13742-016-0140-7,,264,false
356,10.1186/s13742-016-0144-3,,274,false
357,10.1038/nmicrobiol.2016.161,,247,false
358,10.1186/s13742-016-0148-z,,303,false
359,10.1186/s13742-016-0145-2,,301,false
360,10.1038/NCOMMS13107,,275,false
361,10.1186/s13742-016-0146-1,,304,false
362,10.1186/s13742-016-0152-3,,307,false
363,10.1186/s13742-016-0149-y,,305,false
364,10.1186/s13742-016-0135-4,,260,false
365,10.1016/j.cels.2016.10.004,,315,false
