DATASET_AUTHOR table,dataset_ID,author_ID,rank,,,,
1,15,566,1,,,,
2,15,567,2,,,,
3,15,568,3,,,,
4,15,569,4,,,,
5,15,570,5,,,,
6,15,571,6,,,,
7,15,572,7,,,,
8,15,573,8,,,,
9,15,3340,9,,,,
10,15,575,10,,,,
11,15,576,11,,,,
12,15,577,12,,,,
13,15,578,13,,,,
14,15,579,14,,,,
15,15,3211,15,,,,
16,15,3157,16,,,,
17,15,3146,17,,,,
18,15,583,18,,,,
19,15,584,19,,,,
20,15,585,20,,,,
21,15,586,21,,,,
22,15,587,22,,,,
23,15,588,23,,,,
24,15,589,24,,,,
25,15,590,25,,,,
26,15,591,26,,,,
27,15,592,27,,,,
28,15,593,28,,,,
29,15,594,29,,,,
30,15,595,30,,,,
31,15,596,31,,,,
32,15,3173,32,,,,
33,15,598,33,,,,
34,29,3305,1,,,,
35,29,3325,2,,,,
36,29,3062,3,,,,
37,29,3337,4,,,,
38,29,3134,5,,,,
39,29,3149,6,,,,
40,29,3047,7,,,,
41,29,3154,8,,,,
42,29,3171,9,,,,
43,29,3249,10,,,,
44,29,3054,11,,,,
45,29,3033,12,,,,
46,29,3037,13,,,,
47,29,3330,14,,,,
48,29,3099,15,,,,
49,29,3244,16,,,,
50,29,3186,17,,,,
51,29,3006,18,,,,
52,29,3256,19,,,,
53,29,3358,20,,,,
54,29,3262,21,,,,
55,29,3098,22,,,,
56,29,3273,23,,,,
57,29,3142,24,,,,
58,29,3270,25,,,,
59,29,3100,26,,,,
60,29,3125,27,,,,
61,29,3232,28,,,,
62,29,3133,29,,,,
63,29,3167,30,,,,
64,29,3008,31,,,,
65,29,3003,32,,,,
66,29,3096,33,,,,
67,29,3339,34,,,,
68,29,3063,35,,,,
69,29,3335,36,,,,
70,29,3173,37,,,,
71,29,3263,38,,,,
72,29,3112,39,,,,
73,29,3233,40,,,,
74,29,3197,41,,,,
75,29,3299,42,,,,
76,29,3258,43,,,,
77,29,3265,44,,,,
78,29,3253,45,,,,
79,13,3305,1,,,,
80,13,3325,2,,,,
81,13,3062,3,,,,
82,13,3337,4,,,,
83,13,3134,5,,,,
84,13,3149,6,,,,
85,13,3047,7,,,,
86,13,3154,8,,,,
87,13,3171,9,,,,
88,13,3249,10,,,,
89,13,3054,11,,,,
90,13,3033,12,,,,
91,13,3037,13,,,,
92,13,3330,14,,,,
93,13,3099,15,,,,
94,13,3244,16,,,,
95,13,3186,17,,,,
96,13,3006,18,,,,
97,13,3256,19,,,,
98,13,3358,20,,,,
99,13,3262,21,,,,
100,13,3098,22,,,,
101,13,3273,23,,,,
102,13,3142,24,,,,
103,13,3270,25,,,,
104,13,3100,26,,,,
105,13,3125,27,,,,
106,13,3232,28,,,,
107,13,3133,29,,,,
108,13,3167,30,,,,
109,13,3008,31,,,,
110,13,3003,32,,,,
111,13,3096,33,,,,
112,13,3339,34,,,,
113,13,3063,35,,,,
114,13,3335,36,,,,
115,13,3173,37,,,,
116,13,3263,38,,,,
117,13,3112,39,,,,
118,13,3233,40,,,,
119,13,3197,41,,,,
120,13,3299,42,,,,
121,13,3258,43,,,,
122,13,3265,44,,,,
123,13,3253,45,,,,
124,25,3155,1,,,,
125,25,3063,2,,,,
126,25,3245,3,,,,
127,25,3357,4,,,,
128,25,707,5,,,,
129,25,708,6,,,,
130,25,3096,7,,,,
131,25,3024,8,,,,
132,25,3133,9,,,,
133,25,3006,10,,,,
134,25,713,11,,,,
135,25,3338,12,,,,
136,25,3263,13,,,,
137,25,3145,14,,,,
138,25,717,15,,,,
139,25,3141,16,,,,
140,25,3110,17,,,,
141,25,3142,18,,,,
142,25,721,19,,,,
143,25,3197,20,,,,
144,25,3136,21,,,,
145,25,724,22,,,,
146,25,3306,23,,,,
147,25,3292,24,,,,
148,25,727,25,,,,
149,25,728,26,,,,
150,25,3356,27,,,,
151,25,3029,28,,,,
152,25,731,29,,,,
153,25,732,30,,,,
154,25,3062,31,,,,
155,25,3081,32,,,,
156,25,3252,33,,,,
157,25,736,34,,,,
158,25,737,35,,,,
159,25,738,36,,,,
160,25,3200,37,,,,
161,25,740,38,,,,
162,25,3209,39,,,,
163,25,742,40,,,,
164,25,3315,41,,,,
165,25,3198,42,,,,
166,25,3254,43,,,,
167,25,3283,44,,,,
168,25,3126,45,,,,
169,25,3190,46,,,,
170,25,748,47,,,,
171,25,3031,48,,,,
172,25,3220,49,,,,
173,25,3260,50,,,,
174,25,3229,51,,,,
175,25,3275,52,,,,
176,25,3159,53,,,,
177,25,3217,54,,,,
178,25,3349,55,,,,
179,25,757,56,,,,
180,25,758,57,,,,
181,25,759,58,,,,
182,25,3326,59,,,,
183,25,761,60,,,,
184,25,762,61,,,,
185,25,763,62,,,,
186,25,3347,63,,,,
187,25,3173,64,,,,
188,25,766,65,,,,
189,25,767,66,,,,
190,25,768,67,,,,
191,25,3331,68,,,,
192,25,3140,69,,,,
193,25,771,70,,,,
194,25,772,71,,,,
195,25,773,72,,,,
196,25,774,73,,,,
197,25,3059,74,,,,
198,25,3308,75,,,,
199,25,3329,76,,,,
200,25,778,77,,,,
201,25,779,78,,,,
202,25,3219,79,,,,
203,25,3325,80,,,,
204,25,3021,81,,,,
205,25,3153,82,,,,
206,25,3184,83,,,,
207,25,3082,84,,,,
208,25,3003,85,,,,
209,25,3104,86,,,,
210,25,788,87,,,,
211,25,789,88,,,,
212,25,790,89,,,,
213,25,791,90,,,,
214,25,792,91,,,,
215,25,3343,92,,,,
216,25,794,93,,,,
217,25,3344,94,,,,
218,25,796,95,,,,
219,25,797,96,,,,
220,25,798,97,,,,
221,25,799,98,,,,
222,25,3166,99,,,,
223,25,801,100,,,,
224,25,802,101,,,,
225,25,3123,102,,,,
226,25,3312,103,,,,
227,25,3164,104,,,,
228,25,806,105,,,,
229,25,807,106,,,,
230,25,808,107,,,,
231,25,809,108,,,,
232,25,3298,109,,,,
233,25,811,110,,,,
234,25,3259,111,,,,
235,25,3212,112,,,,
236,25,3147,113,,,,
237,25,3144,114,,,,
238,25,3014,115,,,,
239,25,3118,116,,,,
240,25,3278,117,,,,
241,25,819,118,,,,
242,25,3335,119,,,,
243,25,3158,120,,,,
244,25,3299,121,,,,
245,25,3253,122,,,,
246,25,3258,123,,,,
247,16,3325,2,,,,
248,16,3371,3,,,,
249,16,3257,5,,,,
250,8,3325,2,,,,
251,8,3371,3,,,,
252,8,3257,5,,,,
253,26,3134,1,,,,
254,26,3325,2,,,,
255,26,3077,3,,,,
256,26,3258,4,,,,
257,27,3133,1,,,,
258,27,3325,2,,,,
259,27,829,3,,,,
260,27,830,5,,,,
261,27,3258,5,,,,
262,10,3295,1,,,,
263,10,237,2,,,,
264,10,238,3,,,,
265,10,3203,4,,,,
266,10,3025,5,,,,
267,10,3168,6,,,,
268,10,3039,7,,,,
269,10,3289,8,,,,
270,10,3264,9,,,,
271,10,244,10,,,,
272,10,245,11,,,,
273,10,246,12,,,,
274,10,247,13,,,,
275,10,248,14,,,,
276,10,249,15,,,,
277,10,250,16,,,,
278,10,251,17,,,,
279,10,252,18,,,,
280,10,253,19,,,,
281,10,254,20,,,,
282,10,255,21,,,,
283,10,256,22,,,,
284,10,3258,23,,,,
285,7,3215,1,,,,
286,7,3081,2,,,,
287,7,3268,3,,,,
288,7,158,4,,,,
289,7,159,5,,,,
290,7,3002,6,,,,
291,7,161,7,,,,
292,7,3148,8,,,,
293,7,3188,9,,,,
294,7,164,10,,,,
295,7,3114,11,,,,
296,7,166,12,,,,
297,7,167,13,,,,
298,7,168,14,,,,
299,7,3202,15,,,,
300,7,170,16,,,,
301,7,3246,17,,,,
302,7,3187,18,,,,
303,7,3196,19,,,,
304,7,174,20,,,,
305,7,175,21,,,,
306,7,176,22,,,,
307,7,177,23,,,,
308,7,3077,24,,,,
309,7,179,25,,,,
310,7,180,26,,,,
311,7,181,27,,,,
312,7,182,28,,,,
313,7,3252,29,,,,
314,7,3145,30,,,,
315,7,185,31,,,,
316,7,186,32,,,,
317,7,187,33,,,,
318,7,188,34,,,,
319,7,189,35,,,,
320,7,190,36,,,,
321,7,191,37,,,,
322,7,192,38,,,,
323,7,193,39,,,,
324,7,3118,40,,,,
325,7,3371,41,,,,
326,7,3022,42,,,,
327,7,197,43,,,,
328,7,198,44,,,,
329,7,199,45,,,,
330,7,3023,46,,,,
331,7,201,47,,,,
332,7,3083,48,,,,
333,7,203,49,,,,
334,7,3119,50,,,,
335,7,205,51,,,,
336,7,206,52,,,,
337,7,207,53,,,,
338,7,3230,54,,,,
339,7,3251,55,,,,
340,7,3197,56,,,,
341,7,3258,57,,,,
342,7,3277,58,,,,
343,20,623,1,,,,
344,20,3325,2,,,,
345,20,624,3,,,,
346,20,3134,4,,,,
347,20,626,5,,,,
348,20,3100,6,,,,
349,20,628,7,,,,
350,20,629,8,,,,
351,20,630,9,,,,
352,20,3215,10,,,,
353,20,632,11,,,,
354,20,633,12,,,,
355,20,3119,13,,,,
356,20,635,14,,,,
357,20,3258,15,,,,
358,20,3017,16,,,,
359,36,1037,1,,,,
360,36,1038,2,,,,
361,36,1039,3,,,,
362,36,1040,4,,,,
363,36,1041,5,,,,
364,36,3053,6,,,,
365,36,1043,7,,,,
366,36,1044,8,,,,
367,36,1045,9,,,,
368,36,1046,10,,,,
369,36,1047,11,,,,
370,39,1157,1,,,,
371,39,1158,2,,,,
372,39,1159,3,,,,
373,39,3103,4,,,,
374,38,3173,1,,,,
375,38,1123,2,,,,
376,38,3245,3,,,,
377,38,3150,4,,,,
378,38,3153,5,,,,
379,38,1126,6,,,,
380,38,3347,7,,,,
381,38,1128,8,,,,
382,38,1129,9,,,,
383,38,1130,10,,,,
384,38,1131,11,,,,
385,38,3036,12,,,,
386,38,1133,13,,,,
387,38,3035,14,,,,
388,38,1135,15,,,,
389,38,1136,16,,,,
390,38,3331,17,,,,
391,38,3315,18,,,,
392,38,1139,19,,,,
393,38,1140,20,,,,
394,38,1141,21,,,,
395,38,3349,22,,,,
396,38,3028,23,,,,
397,38,1143,24,,,,
398,38,1144,25,,,,
399,38,3103,26,,,,
400,38,1146,27,,,,
401,38,3118,28,,,,
402,38,3014,29,,,,
403,38,1149,30,,,,
404,38,3263,31,,,,
405,38,3299,32,,,,
406,38,3253,33,,,,
407,38,3155,34,,,,
408,38,3010,35,,,,
409,38,3258,36,,,,
410,38,3335,37,,,,
411,37,3258,1,,,,
412,37,1049,2,,,,
413,37,3155,3,,,,
414,37,3173,4,,,,
415,37,3245,5,,,,
416,37,3078,6,,,,
417,37,3063,7,,,,
418,37,1055,8,,,,
419,37,3145,9,,,,
420,37,3329,10,,,,
421,37,3082,11,,,,
422,37,1059,12,,,,
423,37,3141,13,,,,
424,37,3182,14,,,,
425,37,3062,15,,,,
426,37,3126,16,,,,
427,37,1064,17,,,,
428,37,3137,18,,,,
429,37,1066,19,,,,
430,37,3104,20,,,,
431,37,1068,21,,,,
432,37,3347,22,,,,
433,37,3088,23,,,,
434,37,1071,24,,,,
435,37,1072,25,,,,
436,37,3313,26,,,,
437,37,3343,27,,,,
438,37,1075,28,,,,
439,37,3356,29,,,,
440,37,3211,30,,,,
441,37,3184,31,,,,
442,37,3140,32,,,,
443,37,3306,33,,,,
444,37,3325,34,,,,
445,37,3297,35,,,,
446,37,3315,36,,,,
447,37,1082,37,,,,
448,37,1083,38,,,,
449,37,3156,39,,,,
450,37,3136,40,,,,
451,37,3200,41,,,,
452,37,3220,42,,,,
453,37,3153,43,,,,
454,37,3357,44,,,,
455,37,3160,45,,,,
456,37,1091,46,,,,
457,37,3150,47,,,,
458,37,3080,48,,,,
459,37,3328,49,,,,
460,37,3309,50,,,,
461,37,3059,51,,,,
462,37,1097,52,,,,
463,37,3036,53,,,,
464,37,1099,54,,,,
465,37,3238,55,,,,
466,37,3004,56,,,,
467,37,1102,57,,,,
468,37,3304,58,,,,
469,37,1104,59,,,,
470,37,3147,60,,,,
471,37,1106,61,,,,
472,37,3348,62,,,,
473,37,3219,63,,,,
474,37,1109,64,,,,
475,37,1110,65,,,,
476,37,3298,66,,,,
477,37,3177,67,,,,
478,37,1113,68,,,,
479,37,3118,69,,,,
480,37,3278,70,,,,
481,37,3197,71,,,,
482,37,3055,72,,,,
483,37,3014,73,,,,
484,37,3335,74,,,,
485,37,3158,75,,,,
486,37,3299,76,,,,
487,37,3253,77,,,,
488,2,4,1,,,,
489,2,3295,2,,,,
490,2,3203,3,,,,
491,2,3031,4,,,,
492,2,8,5,,,,
493,2,3192,6,,,,
494,2,3200,7,,,,
495,2,3324,8,,,,
496,2,3304,9,,,,
497,2,3155,10,,,,
498,2,3258,11,,,,
499,2,15,12,,,,
500,2,16,13,,,,
501,2,17,14,,,,
502,2,18,15,,,,
503,2,19,16,,,,
504,2,20,17,,,,
505,2,21,18,,,,
506,2,22,19,,,,
507,2,23,20,,,,
508,2,24,21,,,,
509,2,25,22,,,,
510,2,26,23,,,,
511,2,27,24,,,,
512,2,28,25,,,,
513,2,29,26,,,,
514,2,30,27,,,,
515,2,31,28,,,,
516,2,32,29,,,,
517,2,3139,30,,,,
518,2,34,31,,,,
519,2,3120,32,,,,
520,2,3102,33,,,,
521,2,37,34,,,,
522,2,38,35,,,,
523,2,39,36,,,,
524,2,40,37,,,,
525,2,41,38,,,,
526,2,42,39,,,,
527,2,43,40,,,,
528,2,44,41,,,,
529,2,3097,42,,,,
530,2,3341,43,,,,
531,2,47,44,,,,
532,2,3087,45,,,,
533,2,3172,46,,,,
534,2,50,47,,,,
535,2,51,48,,,,
536,2,52,49,,,,
537,2,53,50,,,,
538,2,3056,51,,,,
539,2,55,52,,,,
540,2,56,53,,,,
541,2,57,54,,,,
542,2,58,55,,,,
543,2,59,56,,,,
544,2,60,57,,,,
545,2,61,58,,,,
546,2,62,59,,,,
547,2,63,60,,,,
548,2,64,61,,,,
549,2,65,62,,,,
550,2,66,63,,,,
551,2,67,64,,,,
552,2,68,65,,,,
553,2,69,66,,,,
554,2,70,67,,,,
555,2,71,68,,,,
556,2,72,69,,,,
557,2,73,70,,,,
558,2,74,71,,,,
559,2,75,72,,,,
560,2,76,73,,,,
561,2,77,74,,,,
562,2,78,75,,,,
563,2,79,76,,,,
564,2,80,77,,,,
565,2,81,78,,,,
566,2,82,79,,,,
567,2,83,80,,,,
568,2,84,81,,,,
569,2,85,82,,,,
570,2,86,83,,,,
571,2,87,84,,,,
572,2,88,85,,,,
573,2,89,86,,,,
574,2,90,87,,,,
575,2,91,88,,,,
576,2,92,89,,,,
577,2,93,90,,,,
578,2,94,91,,,,
579,2,95,92,,,,
580,2,96,93,,,,
581,2,97,94,,,,
582,2,98,95,,,,
583,2,99,96,,,,
584,2,100,97,,,,
585,2,101,98,,,,
586,30,861,1,,,,
587,30,3164,2,,,,
588,30,3133,3,,,,
589,30,864,4,,,,
590,30,865,5,,,,
591,30,3173,6,,,,
592,30,3301,7,,,,
593,30,867,8,,,,
594,30,3295,9,,,,
595,30,3291,10,,,,
596,30,3030,11,,,,
597,30,3282,12,,,,
598,30,3325,13,,,,
599,30,3062,14,,,,
600,30,3111,15,,,,
601,30,874,16,,,,
602,30,875,17,,,,
603,30,876,18,,,,
604,30,877,19,,,,
605,30,3262,20,,,,
606,30,879,21,,,,
607,30,880,22,,,,
608,30,881,23,,,,
609,30,882,24,,,,
610,30,883,25,,,,
611,30,884,26,,,,
612,30,3299,27,,,,
613,30,3258,28,,,,
614,30,3253,29,,,,
615,30,888,30,,,,
616,17,3016,1,,,,
617,17,3325,2,,,,
618,17,3307,3,,,,
619,17,3194,4,,,,
620,17,3062,5,,,,
621,17,3212,6,,,,
622,17,3052,7,,,,
623,17,3302,8,,,,
624,17,3154,9,,,,
625,17,3134,10,,,,
626,17,3330,11,,,,
627,17,3099,12,,,,
628,17,3011,13,,,,
629,17,3216,14,,,,
630,17,3258,15,,,,
631,17,3138,16,,,,
632,19,3016,1,,,,
633,19,3325,2,,,,
634,19,3307,3,,,,
635,19,3194,4,,,,
636,19,3062,5,,,,
637,19,3212,6,,,,
638,19,3052,7,,,,
639,19,3302,8,,,,
640,19,3154,9,,,,
641,19,3134,10,,,,
642,19,3330,11,,,,
643,19,3099,12,,,,
644,19,3011,13,,,,
645,19,3216,14,,,,
646,19,3258,15,,,,
647,19,3138,16,,,,
648,22,3168,1,,,,
649,22,651,2,,,,
650,22,3031,3,,,,
651,22,3295,4,,,,
652,22,3203,5,,,,
653,22,3320,6,,,,
654,22,3289,7,,,,
655,22,3316,8,,,,
656,22,3321,9,,,,
657,22,3173,10,,,,
658,22,14,11,,,,
659,22,659,12,,,,
660,22,3324,13,,,,
661,11,3266,1,,,,
662,11,259,2,,,,
663,11,3258,3,,,,
664,11,3234,4,,,,
665,11,3279,5,,,,
666,11,263,6,,,,
667,11,3006,7,,,,
668,11,265,8,,,,
669,11,266,9,,,,
670,11,267,10,,,,
671,11,3097,11,,,,
672,11,269,12,,,,
673,11,270,13,,,,
674,11,3259,14,,,,
675,11,272,15,,,,
676,11,273,16,,,,
677,11,274,17,,,,
678,11,275,18,,,,
679,11,276,19,,,,
680,11,3252,20,,,,
681,11,278,21,,,,
682,11,3223,22,,,,
683,11,280,23,,,,
684,11,281,24,,,,
685,11,3159,25,,,,
686,11,3133,26,,,,
687,11,284,27,,,,
688,11,285,28,,,,
689,11,3231,29,,,,
690,11,287,30,,,,
691,11,3205,31,,,,
692,11,3076,32,,,,
693,11,290,33,,,,
694,11,291,34,,,,
695,11,3057,35,,,,
696,11,3192,36,,,,
697,11,294,37,,,,
698,11,295,38,,,,
699,11,296,39,,,,
700,11,297,40,,,,
701,11,298,41,,,,
702,11,299,42,,,,
703,11,300,43,,,,
704,11,301,44,,,,
705,11,302,45,,,,
706,11,303,46,,,,
707,11,304,47,,,,
708,11,305,48,,,,
709,11,306,49,,,,
710,11,307,50,,,,
711,11,308,51,,,,
712,11,309,52,,,,
713,11,310,53,,,,
714,11,311,54,,,,
715,11,312,55,,,,
716,11,313,56,,,,
717,11,314,57,,,,
718,11,3142,58,,,,
719,11,3293,59,,,,
720,11,317,60,,,,
721,11,318,61,,,,
722,11,319,62,,,,
723,11,320,63,,,,
724,11,321,64,,,,
725,11,322,65,,,,
726,11,3190,66,,,,
727,11,324,67,,,,
728,11,3258,68,,,,
729,11,326,69,,,,
730,11,3280,70,,,,
731,11,328,71,,,,
732,11,329,72,,,,
733,11,330,73,,,,
734,11,331,74,,,,
735,11,332,75,,,,
736,11,333,76,,,,
737,11,334,77,,,,
738,11,335,78,,,,
739,11,336,79,,,,
740,11,3024,80,,,,
741,11,3096,81,,,,
742,11,3155,82,,,,
743,11,340,83,,,,
744,11,3031,84,,,,
745,11,3333,85,,,,
746,11,343,86,,,,
747,11,344,87,,,,
748,11,345,88,,,,
749,11,346,89,,,,
750,11,347,90,,,,
751,11,348,91,,,,
752,11,349,92,,,,
753,11,3063,93,,,,
754,11,3346,94,,,,
755,11,352,95,,,,
756,11,3295,96,,,,
757,11,3267,97,,,,
758,11,355,98,,,,
759,11,3311,99,,,,
760,11,3173,100,,,,
761,11,3056,101,,,,
762,11,359,102,,,,
763,11,360,103,,,,
764,11,361,104,,,,
765,11,362,105,,,,
766,11,363,106,,,,
767,11,3176,107,,,,
768,11,3270,108,,,,
769,11,366,109,,,,
770,11,3341,110,,,,
771,11,368,111,,,,
772,24,668,1,,,,
773,24,3062,2,,,,
774,24,669,3,,,,
775,24,3099,4,,,,
776,24,671,5,,,,
777,24,672,6,,,,
778,24,673,7,,,,
779,24,3235,8,,,,
780,24,3247,9,,,,
781,24,3302,10,,,,
782,24,3310,11,,,,
783,24,3346,12,,,,
784,24,679,13,,,,
785,24,680,14,,,,
786,24,3205,15,,,,
787,24,682,16,,,,
788,24,3290,17,,,,
789,24,684,18,,,,
790,24,3360,19,,,,
791,24,3043,20,,,,
792,24,687,21,,,,
793,24,688,22,,,,
794,24,689,23,,,,
795,24,3300,24,,,,
796,24,3020,25,,,,
797,24,692,26,,,,
798,24,3252,27,,,,
799,24,3085,28,,,,
800,24,3154,29,,,,
801,24,696,30,,,,
802,24,3345,31,,,,
803,24,3236,32,,,,
804,24,699,33,,,,
805,24,3325,34,,,,
806,24,3258,35,,,,
807,24,702,36,,,,
808,33,236,1,,,,
809,33,832,2,,,,
810,33,951,3,,,,
811,33,952,4,,,,
812,33,953,5,,,,
813,33,954,6,,,,
814,33,955,7,,,,
815,33,956,8,,,,
816,33,957,9,,,,
817,33,958,10,,,,
818,33,959,11,,,,
819,33,960,12,,,,
820,33,961,13,,,,
821,33,962,14,,,,
822,33,963,15,,,,
823,33,964,16,,,,
824,33,965,17,,,,
825,33,966,18,,,,
826,33,3118,19,,,,
827,33,235,20,,,,
828,33,968,21,,,,
829,34,969,1,,,,
830,34,3082,2,,,,
831,34,473,3,,,,
832,34,3137,4,,,,
833,34,3292,5,,,,
834,34,3177,6,,,,
835,34,974,7,,,,
836,34,3173,8,,,,
837,34,976,9,,,,
838,34,3155,10,,,,
839,34,977,11,,,,
840,34,978,12,,,,
841,34,979,13,,,,
842,34,3295,14,,,,
843,34,981,15,,,,
844,34,982,16,,,,
845,34,3063,17,,,,
846,34,984,18,,,,
847,34,985,19,,,,
848,34,986,20,,,,
849,34,987,21,,,,
850,34,3088,22,,,,
851,34,989,23,,,,
852,34,990,24,,,,
853,34,991,25,,,,
854,34,3315,26,,,,
855,34,3325,27,,,,
856,34,3145,28,,,,
857,34,3029,29,,,,
858,34,3164,30,,,,
859,34,997,31,,,,
860,34,3356,32,,,,
861,34,3161,33,,,,
862,34,3343,34,,,,
863,34,3308,35,,,,
864,34,1002,36,,,,
865,34,1003,37,,,,
866,34,1004,38,,,,
867,34,1005,39,,,,
868,34,1006,40,,,,
869,34,1007,41,,,,
870,34,1008,42,,,,
871,34,1009,43,,,,
872,34,1010,44,,,,
873,34,1011,45,,,,
874,34,3136,46,,,,
875,34,3255,47,,,,
876,34,3349,48,,,,
877,34,3263,49,,,,
878,34,3335,50,,,,
879,34,3158,51,,,,
880,34,3299,52,,,,
881,34,1019,53,,,,
882,34,3197,54,,,,
883,34,1021,55,,,,
884,34,3253,56,,,,
885,34,1023,57,,,,
886,34,3258,58,,,,
887,14,3097,1,,,,
888,14,3155,2,,,,
889,14,3341,3,,,,
890,14,3147,4,,,,
891,14,474,5,,,,
892,14,3063,6,,,,
893,14,3178,7,,,,
894,14,3266,8,,,,
895,14,478,9,,,,
896,14,3200,10,,,,
897,14,3219,11,,,,
898,14,3357,12,,,,
899,14,3145,13,,,,
900,14,3151,14,,,,
901,14,484,15,,,,
902,14,3067,16,,,,
903,14,3139,17,,,,
904,14,487,18,,,,
905,14,488,19,,,,
906,14,489,20,,,,
907,14,490,21,,,,
908,14,491,22,,,,
909,14,3087,23,,,,
910,14,493,24,,,,
911,14,3218,25,,,,
912,14,3245,26,,,,
913,14,3182,27,,,,
914,14,3220,28,,,,
915,14,3209,29,,,,
916,14,3260,30,,,,
917,14,3096,31,,,,
918,14,3133,32,,,,
919,14,3292,33,,,,
920,14,3029,34,,,,
921,14,3004,35,,,,
922,14,3283,36,,,,
923,14,3329,37,,,,
924,14,3024,38,,,,
925,14,3006,39,,,,
926,14,509,40,,,,
927,14,510,41,,,,
928,14,3172,42,,,,
929,14,512,43,,,,
930,14,513,44,,,,
931,14,514,45,,,,
932,14,515,46,,,,
933,14,516,47,,,,
934,14,517,48,,,,
935,14,3296,49,,,,
936,14,519,50,,,,
937,14,520,51,,,,
938,14,521,52,,,,
939,14,522,53,,,,
940,14,3279,54,,,,
941,14,524,55,,,,
942,14,525,56,,,,
943,14,526,57,,,,
944,14,3126,58,,,,
945,14,3217,59,,,,
946,14,3229,60,,,,
947,14,3275,61,,,,
948,14,3110,62,,,,
949,14,532,63,,,,
950,14,3325,64,,,,
951,14,3306,65,,,,
952,14,535,66,,,,
953,14,536,67,,,,
954,14,3142,68,,,,
955,14,3184,69,,,,
956,14,3161,70,,,,
957,14,3356,71,,,,
958,14,3343,72,,,,
959,14,3062,73,,,,
960,14,3140,74,,,,
961,14,3059,75,,,,
962,14,3173,76,,,,
963,14,3160,77,,,,
964,14,3348,78,,,,
965,14,3339,79,,,,
966,14,3212,80,,,,
967,14,3177,81,,,,
968,14,3298,82,,,,
969,14,3304,83,,,,
970,14,3014,84,,,,
971,14,3118,85,,,,
972,14,3347,86,,,,
973,14,3156,87,,,,
974,14,3335,88,,,,
975,14,3299,89,,,,
976,14,3253,90,,,,
977,14,3234,91,,,,
978,14,561,92,,,,
979,14,562,93,,,,
980,14,3258,94,,,,
981,14,3056,95,,,,
982,14,3158,96,,,,
983,31,3215,1,,,,
984,31,3173,2,,,,
985,31,3148,3,,,,
986,31,891,4,,,,
987,31,3002,5,,,,
988,31,3191,6,,,,
989,31,3188,7,,,,
990,31,3187,8,,,,
991,31,3114,9,,,,
992,31,3083,10,,,,
993,31,898,11,,,,
994,31,3196,12,,,,
995,31,3077,13,,,,
996,31,3268,14,,,,
997,31,3214,15,,,,
998,31,903,16,,,,
999,31,904,17,,,,
1000,31,905,18,,,,
1001,31,906,19,,,,
1002,31,3246,20,,,,
1003,31,3023,21,,,,
1004,31,909,22,,,,
1005,31,910,23,,,,
1006,31,3081,24,,,,
1007,31,3343,25,,,,
1008,31,3335,26,,,,
1009,31,3326,27,,,,
1010,31,3177,28,,,,
1011,31,3035,29,,,,
1012,31,3202,30,,,,
1013,31,3118,31,,,,
1014,31,919,32,,,,
1015,31,920,33,,,,
1016,31,921,34,,,,
1017,31,922,35,,,,
1018,31,923,36,,,,
1019,31,924,37,,,,
1020,31,925,38,,,,
1021,31,926,39,,,,
1022,31,927,40,,,,
1023,31,928,41,,,,
1024,31,929,42,,,,
1025,31,930,43,,,,
1026,31,931,44,,,,
1027,31,932,45,,,,
1028,31,3022,46,,,,
1029,31,3230,47,,,,
1030,31,3251,48,,,,
1031,31,3197,49,,,,
1032,31,3119,50,,,,
1033,31,3258,51,,,,
1034,31,3277,52,,,,
1035,9,216,1,,,,
1036,9,3024,2,,,,
1037,9,218,3,,,,
1038,9,3004,4,,,,
1039,9,220,5,,,,
1040,9,3339,6,,,,
1041,9,3313,7,,,,
1042,9,3040,8,,,,
1043,9,224,9,,,,
1044,9,3098,10,,,,
1045,9,3252,11,,,,
1046,9,227,12,,,,
1047,9,3293,13,,,,
1048,9,229,14,,,,
1049,9,3280,15,,,,
1050,9,3076,16,,,,
1051,9,3325,17,,,,
1052,9,3258,18,,,,
1053,9,234,19,,,,
1054,9,3253,20,,,,
1055,28,3250,1,,,,
1056,28,3039,2,,,,
1057,28,3363,3,,,,
1058,28,3012,4,,,,
1059,28,3221,5,,,,
1060,28,835,6,,,,
1061,28,836,7,,,,
1062,28,3005,8,,,,
1063,28,3061,9,,,,
1064,28,839,10,,,,
1065,28,3065,11,,,,
1066,28,841,12,,,,
1067,28,3106,13,,,,
1068,28,843,14,,,,
1069,28,3206,15,,,,
1070,28,845,16,,,,
1071,28,3248,17,,,,
1072,28,847,18,,,,
1073,28,848,19,,,,
1074,28,849,20,,,,
1075,28,850,21,,,,
1076,28,851,22,,,,
1077,28,852,23,,,,
1078,28,3324,24,,,,
1079,28,3299,25,,,,
1080,28,3258,26,,,,
1081,28,856,27,,,,
1082,28,3046,28,,,,
1083,28,858,29,,,,
1084,28,3295,30,,,,
1085,28,3107,31,,,,
1086,18,614,1,,,,
1087,18,615,2,,,,
1088,18,616,3,,,,
1089,18,617,4,,,,
1090,18,618,5,,,,
1091,18,619,6,,,,
1092,18,3258,7,,,,
1093,18,621,8,,,,
1094,18,622,9,,,,
1095,4,3062,1,,,,
1096,4,3147,2,,,,
1097,4,3180,3,,,,
1098,4,640,4,,,,
1099,4,641,5,,,,
1100,4,3360,6,,,,
1101,4,3300,7,,,,
1102,4,3099,8,,,,
1103,21,3062,1,,,,
1104,21,3099,2,,,,
1105,21,3364,3,,,,
1106,21,3068,4,,,,
1107,21,3043,5,,,,
1108,21,3109,6,,,,
1109,21,3300,7,,,,
1110,32,3133,1,,,,
1111,32,3164,2,,,,
1112,32,3301,3,,,,
1113,32,3291,4,,,,
1114,32,3173,5,,,,
1115,32,3295,6,,,,
1116,32,3030,7,,,,
1117,32,3282,8,,,,
1118,32,3325,9,,,,
1119,32,3062,10,,,,
1120,32,3111,11,,,,
1121,32,3299,12,,,,
1122,32,3258,13,,,,
1123,32,3253,14,,,,
1124,32,950,15,,,,
1125,12,369,1,,,,
1126,12,3347,2,,,,
1127,12,3166,3,,,,
1128,12,372,4,,,,
1129,12,373,5,,,,
1130,12,374,6,,,,
1131,12,375,7,,,,
1132,12,376,8,,,,
1133,12,377,9,,,,
1134,12,378,10,,,,
1135,12,379,11,,,,
1136,12,380,12,,,,
1137,12,381,13,,,,
1138,12,382,14,,,,
1139,12,3331,15,,,,
1140,12,384,16,,,,
1141,12,3037,17,,,,
1142,12,3257,18,,,,
1143,12,386,19,,,,
1144,12,387,20,,,,
1145,12,388,21,,,,
1146,12,389,22,,,,
1147,12,390,23,,,,
1148,12,391,24,,,,
1149,12,392,25,,,,
1150,12,393,26,,,,
1151,12,3104,27,,,,
1152,12,3044,28,,,,
1153,12,396,29,,,,
1154,12,397,30,,,,
1155,12,398,31,,,,
1156,12,399,32,,,,
1157,12,400,33,,,,
1158,12,401,34,,,,
1159,12,402,35,,,,
1160,12,403,36,,,,
1161,12,404,37,,,,
1162,12,405,38,,,,
1163,12,406,39,,,,
1164,12,407,40,,,,
1165,12,408,41,,,,
1166,12,409,42,,,,
1167,12,410,43,,,,
1168,12,411,44,,,,
1169,12,412,45,,,,
1170,12,413,46,,,,
1171,12,414,47,,,,
1172,12,415,48,,,,
1173,12,416,49,,,,
1174,12,417,50,,,,
1175,12,418,51,,,,
1176,12,3258,52,,,,
1177,12,420,53,,,,
1178,12,421,54,,,,
1179,12,422,55,,,,
1180,12,3173,56,,,,
1181,12,424,57,,,,
1182,12,425,58,,,,
1183,12,426,59,,,,
1184,23,661,1,,,,
1185,23,662,2,,,,
1186,23,663,3,,,,
1187,23,664,4,,,,
1188,23,665,5,,,,
1189,23,666,6,,,,
1190,23,3010,7,,,,
1191,3,3157,1,,,,
1192,3,103,2,,,,
1193,3,3334,3,,,,
1194,3,105,4,,,,
1195,3,3025,5,,,,
1196,3,107,6,,,,
1197,3,3323,7,,,,
1198,3,109,8,,,,
1199,3,3128,9,,,,
1200,3,111,10,,,,
1201,3,112,11,,,,
1202,3,113,12,,,,
1203,3,114,13,,,,
1204,3,115,14,,,,
1205,3,116,15,,,,
1206,3,117,16,,,,
1207,3,118,17,,,,
1208,3,119,18,,,,
1209,3,120,19,,,,
1210,3,121,20,,,,
1211,3,122,21,,,,
1212,3,3175,22,,,,
1213,3,124,23,,,,
1214,3,125,24,,,,
1215,3,126,25,,,,
1216,3,3038,26,,,,
1217,3,128,27,,,,
1218,3,3340,28,,,,
1219,3,130,29,,,,
1220,3,3211,30,,,,
1221,3,3173,31,,,,
1222,3,3258,32,,,,
1223,35,3173,1,,,,
1224,35,3295,2,,,,
1225,35,1026,3,,,,
1226,35,3093,4,,,,
1227,35,3175,5,,,,
1228,35,3280,6,,,,
1229,35,1030,7,,,,
1230,35,3127,8,,,,
1231,35,3110,9,,,,
1232,35,3144,10,,,,
1233,35,3335,11,,,,
1234,35,3253,12,,,,
1235,35,3299,13,,,,
1236,35,3258,14,,,,
1237,40,3258,1,,,,
1238,40,3173,2,,,,
1239,40,639,3,,,,
1240,40,1205,4,,,,
1241,40,1184,5,,,,
1242,40,3177,6,,,,
1243,40,3062,7,,,,
1244,40,3347,8,,,,
1245,40,3211,9,,,,
1246,40,3297,10,,,,
1247,40,1189,11,,,,
1248,40,3200,12,,,,
1249,40,3150,13,,,,
1250,40,3080,14,,,,
1251,40,3309,15,,,,
1252,40,3059,16,,,,
1253,40,3238,17,,,,
1254,40,3004,18,,,,
1255,40,3348,19,,,,
1256,40,3118,20,,,,
1257,40,3278,21,,,,
1258,40,3197,22,,,,
1259,40,3055,23,,,,
1260,40,3014,24,,,,
1261,40,3335,25,,,,
1262,40,3158,26,,,,
1263,40,3299,27,,,,
1264,40,3253,28,,,,
1265,5,147,1,,,,
1266,5,148,2,,,,
1267,5,149,3,,,,
1268,5,150,4,,,,
1269,5,151,5,,,,
1270,6,1558,2,,,,
1271,6,152,3,,,,
1272,6,153,4,,,,
1273,6,154,5,,,,
1274,56,3081,1,,,,
1275,56,1297,2,,,,
1276,56,1298,3,,,,
1277,1,3362,1,,,,
1278,1,3257,2,,,,
1279,1,3,3,,,,
1280,41,3180,1,,,,
1281,41,3159,2,,,,
1282,41,1208,3,,,,
1283,41,3176,4,,,,
1284,41,1210,5,,,,
1285,41,3314,6,,,,
1286,41,1212,7,,,,
1287,41,223,8,,,,
1288,41,1213,9,,,,
1289,41,1214,10,,,,
1290,41,1215,11,,,,
1291,41,1216,12,,,,
1292,41,3326,13,,,,
1293,41,3227,14,,,,
1294,41,1219,15,,,,
1295,41,3315,16,,,,
1296,41,3252,17,,,,
1297,41,3182,18,,,,
1298,41,3085,19,,,,
1299,41,1224,20,,,,
1300,41,3312,21,,,,
1301,41,1228,22,,,,
1302,41,3288,23,,,,
1303,41,1226,24,,,,
1304,41,3132,25,,,,
1305,41,3173,26,,,,
1306,41,3299,27,,,,
1307,41,3253,28,,,,
1308,41,1230,29,,,,
1309,41,3258,30,,,,
1310,42,3174,2,,,,
1311,42,3163,3,,,,
1312,42,3303,4,,,,
1313,42,3237,5,,,,
1314,42,3353,6,,,,
1315,42,3240,7,,,,
1316,42,3072,8,,,,
1317,42,3143,9,,,,
1318,43,3174,2,,,,
1319,43,3163,3,,,,
1320,43,3303,4,,,,
1321,43,3237,5,,,,
1322,43,3353,6,,,,
1323,43,3240,7,,,,
1324,43,3072,8,,,,
1325,43,3143,9,,,,
1326,43,3096,10,,,,
1327,55,3332,1,,,,
1328,55,3274,2,,,,
1329,55,3352,3,,,,
1330,55,1286,4,,,,
1331,55,1287,5,,,,
1332,55,1288,6,,,,
1333,55,3213,7,,,,
1334,55,3261,8,,,,
1335,55,1291,9,,,,
1336,55,1292,10,,,,
1337,55,3361,11,,,,
1338,55,3339,12,,,,
1339,55,3152,13,,,,
1340,55,3165,14,,,,
1341,52,1270,1,,,,
1342,52,3274,2,,,,
1343,52,3261,3,,,,
1344,52,1273,4,,,,
1345,52,1274,5,,,,
1346,52,1275,6,,,,
1347,52,1276,7,,,,
1348,52,1277,8,,,,
1349,52,1278,9,,,,
1350,52,1279,10,,,,
1351,52,3152,11,,,,
1352,52,3165,12,,,,
1353,62,1426,1,,,,
1354,62,1427,2,,,,
1355,62,1428,3,,,,
1356,62,3274,4,,,,
1357,62,1430,5,,,,
1358,62,1431,6,,,,
1359,62,3034,7,,,,
1360,62,1433,8,,,,
1361,62,1434,9,,,,
1362,62,1435,10,,,,
1363,62,1436,11,,,,
1364,62,1437,12,,,,
1365,62,1438,13,,,,
1366,62,1439,14,,,,
1367,62,1440,15,,,,
1368,62,3355,16,,,,
1369,62,3304,17,,,,
1370,62,3324,18,,,,
1371,62,3299,19,,,,
1372,62,3253,20,,,,
1373,62,1445,21,,,,
1374,62,1446,22,,,,
1375,62,3258,23,,,,
1376,44,1257,1,,,,
1377,44,3344,2,,,,
1378,44,3322,3,,,,
1379,44,3242,4,,,,
1380,44,3074,5,,,,
1381,44,1260,6,,,,
1382,44,1261,7,,,,
1383,44,1262,8,,,,
1384,44,3258,9,,,,
1385,54,1264,1,,,,
1386,54,1265,2,,,,
1387,54,1266,3,,,,
1388,54,1267,4,,,,
1389,54,1268,5,,,,
1390,54,1269,6,,,,
1391,61,3361,1,,,,
1392,61,3365,2,,,,
1393,61,3261,3,,,,
1394,61,3352,4,,,,
1395,61,1450,5,,,,
1396,61,1451,6,,,,
1397,61,3213,7,,,,
1398,61,3274,8,,,,
1399,61,3332,9,,,,
1400,61,1454,10,,,,
1401,61,3152,11,,,,
1402,61,3165,12,,,,
1403,45,1239,1,,,,
1404,45,3344,2,,,,
1405,45,3090,3,,,,
1406,45,3242,4,,,,
1407,45,3322,5,,,,
1408,45,3074,6,,,,
1409,45,3137,7,,,,
1410,45,1246,8,,,,
1411,45,3258,9,,,,
1412,53,3208,1,,,,
1413,53,3100,2,,,,
1414,53,3134,3,,,,
1415,53,3017,4,,,,
1416,53,3325,5,,,,
1417,63,3208,1,,,,
1418,63,3100,2,,,,
1419,63,3134,3,,,,
1420,63,3017,4,,,,
1421,63,3325,5,,,,
1422,64,3208,1,,,,
1423,64,3100,2,,,,
1424,64,3134,3,,,,
1425,64,3017,4,,,,
1426,64,3325,5,,,,
1427,65,3208,1,,,,
1428,65,3100,2,,,,
1429,65,3134,3,,,,
1430,65,3017,4,,,,
1431,65,3325,5,,,,
1432,60,3073,1,,,,
1433,60,3094,2,,,,
1434,60,3116,3,,,,
1435,60,1398,4,,,,
1436,60,1399,5,,,,
1437,60,1400,6,,,,
1438,60,1401,7,,,,
1439,60,1402,8,,,,
1440,60,1403,9,,,,
1441,60,1404,10,,,,
1442,60,1405,11,,,,
1443,60,1406,12,,,,
1444,60,1407,13,,,,
1445,60,1408,14,,,,
1446,60,1409,15,,,,
1447,60,1410,16,,,,
1448,60,1411,17,,,,
1449,60,3115,18,,,,
1450,60,3272,19,,,,
1451,60,3325,20,,,,
1452,60,3108,21,,,,
1453,57,3018,1,,,,
1454,57,3066,2,,,,
1455,57,1301,3,,,,
1456,57,1302,4,,,,
1457,57,1303,5,,,,
1458,57,1304,6,,,,
1459,57,1305,7,,,,
1460,57,1306,8,,,,
1461,57,1307,9,,,,
1462,57,1308,10,,,,
1463,57,1309,11,,,,
1464,57,3044,12,,,,
1465,57,1310,13,,,,
1466,57,1311,14,,,,
1467,57,1312,15,,,,
1468,57,3055,16,,,,
1469,57,1314,17,,,,
1470,57,1315,18,,,,
1471,57,1316,19,,,,
1472,57,1317,20,,,,
1473,57,3073,21,,,,
1474,57,1319,22,,,,
1475,57,1320,23,,,,
1476,57,1321,24,,,,
1477,57,1322,25,,,,
1478,57,1323,26,,,,
1479,57,1324,27,,,,
1480,57,1325,28,,,,
1481,57,1326,29,,,,
1482,57,1327,30,,,,
1483,57,3094,31,,,,
1484,57,1329,32,,,,
1485,57,1330,33,,,,
1486,57,1331,34,,,,
1487,57,3108,35,,,,
1488,57,1333,36,,,,
1489,57,1334,37,,,,
1490,57,1335,38,,,,
1491,57,3113,39,,,,
1492,57,3115,40,,,,
1493,57,3116,41,,,,
1494,57,3123,42,,,,
1495,57,1339,43,,,,
1496,57,1340,44,,,,
1497,57,3173,45,,,,
1498,57,3176,46,,,,
1499,57,3159,47,,,,
1500,57,1344,48,,,,
1501,57,3180,49,,,,
1502,57,1346,50,,,,
1503,57,1347,51,,,,
1504,57,1348,52,,,,
1505,57,1349,53,,,,
1506,57,1350,54,,,,
1507,57,1351,55,,,,
1508,57,1352,56,,,,
1509,57,1353,57,,,,
1510,57,1354,58,,,,
1511,57,1355,59,,,,
1512,57,1356,60,,,,
1513,57,1357,61,,,,
1514,57,1358,62,,,,
1515,57,1359,63,,,,
1516,57,1360,64,,,,
1517,57,1361,65,,,,
1518,57,1362,66,,,,
1519,57,1363,67,,,,
1520,57,1364,68,,,,
1521,57,1365,69,,,,
1522,57,1366,70,,,,
1523,57,1367,71,,,,
1524,57,1368,72,,,,
1525,57,1369,73,,,,
1526,57,1370,74,,,,
1527,57,3224,75,,,,
1528,57,3227,76,,,,
1529,57,1373,77,,,,
1530,57,1374,78,,,,
1531,57,1375,79,,,,
1532,57,1376,80,,,,
1533,57,1377,81,,,,
1534,57,1378,82,,,,
1535,57,3258,83,,,,
1536,57,1380,84,,,,
1537,57,1381,85,,,,
1538,57,3312,86,,,,
1539,57,3314,87,,,,
1540,57,3325,88,,,,
1541,57,3326,89,,,,
1542,57,1386,90,,,,
1543,57,1387,91,,,,
1544,58,3018,1,,,,
1545,58,3066,2,,,,
1546,58,3117,3,,,,
1547,59,3066,1,,,,
1548,59,3117,2,,,,
1549,59,3018,3,,,,
1550,59,3108,4,,,,
1551,59,3094,5,,,,
1552,59,3224,6,,,,
1553,59,1394,7,,,,
1554,59,3113,8,,,,
1555,69,1549,1,,,,
1556,69,1550,2,,,,
1557,69,1551,3,,,,
1558,69,3163,4,,,,
1559,69,3355,5,,,,
1560,69,1554,6,,,,
1561,69,1555,7,,,,
1562,69,1556,8,,,,
1563,69,1557,9,,,,
1564,70,3146,1,,,,
1565,70,2590,2,,,,
1566,70,2591,3,,,,
1567,70,2592,4,,,,
1568,70,2593,5,,,,
1569,70,2594,6,,,,
1570,70,2595,7,,,,
1571,70,2596,8,,,,
1572,70,2597,9,,,,
1573,70,2598,10,,,,
1574,70,2599,11,,,,
1575,70,2600,12,,,,
1576,70,2601,13,,,,
1577,70,3334,14,,,,
1578,70,2603,15,,,,
1579,70,3255,16,,,,
1580,70,3295,17,,,,
1581,70,2606,18,,,,
1582,70,3128,19,,,,
1583,70,3323,20,,,,
1584,70,3340,21,,,,
1585,70,3038,22,,,,
1586,70,2611,23,,,,
1587,70,2612,24,,,,
1588,70,2613,25,,,,
1589,70,3299,26,,,,
1590,70,3253,27,,,,
1591,70,2616,28,,,,
1592,70,2617,29,,,,
1593,70,2618,30,,,,
1594,70,3118,31,,,,
1595,70,2620,32,,,,
1596,70,2621,33,,,,
1597,70,2622,34,,,,
1598,70,2623,35,,,,
1599,70,2624,36,,,,
1600,70,2625,37,,,,
1601,70,3258,38,,,,
1602,73,1508,1,,,,
1603,73,3062,2,,,,
1604,73,3290,3,,,,
1605,73,1511,4,,,,
1606,73,3099,5,,,,
1607,73,1513,6,,,,
1608,73,1514,7,,,,
1609,73,3247,8,,,,
1610,73,3360,9,,,,
1611,73,1517,10,,,,
1612,73,1518,11,,,,
1613,73,1519,12,,,,
1614,73,3310,13,,,,
1615,73,1521,14,,,,
1616,73,1522,15,,,,
1617,73,1523,16,,,,
1618,73,3367,17,,,,
1619,73,1525,18,,,,
1620,73,1526,19,,,,
1621,73,1527,20,,,,
1622,73,1528,21,,,,
1623,73,1529,22,,,,
1624,73,3020,23,,,,
1625,73,1531,24,,,,
1626,73,3236,25,,,,
1627,73,3325,26,,,,
1628,73,3119,27,,,,
1629,73,3258,28,,,,
1630,73,1536,29,,,,
1631,71,3325,1,,,,
1632,71,3048,2,,,,
1633,71,3228,3,,,,
1634,71,3099,4,,,,
1635,71,3013,5,,,,
1636,71,3062,6,,,,
1637,71,3284,7,,,,
1638,71,3290,8,,,,
1639,71,3007,9,,,,
1640,71,3345,10,,,,
1641,71,3239,11,,,,
1642,71,3360,12,,,,
1643,71,3354,13,,,,
1644,71,3109,14,,,,
1645,71,3195,15,,,,
1646,71,3300,16,,,,
1647,71,3281,17,,,,
1648,71,3287,18,,,,
1649,71,3068,19,,,,
1650,71,3043,20,,,,
1651,71,3235,21,,,,
1652,71,3339,22,,,,
1653,71,3185,23,,,,
1654,71,3049,24,,,,
1655,71,3019,25,,,,
1656,71,3071,26,,,,
1657,71,3366,27,,,,
1658,71,3258,28,,,,
1659,72,3325,1,,,,
1660,72,3048,2,,,,
1661,72,3228,3,,,,
1662,72,3099,4,,,,
1663,72,3013,5,,,,
1664,72,3062,6,,,,
1665,72,3284,7,,,,
1666,72,3290,8,,,,
1667,72,3007,9,,,,
1668,72,3345,10,,,,
1669,72,3239,11,,,,
1670,72,3360,12,,,,
1671,72,3354,13,,,,
1672,72,3109,14,,,,
1673,72,3195,15,,,,
1674,72,3300,16,,,,
1675,72,3281,17,,,,
1676,72,3287,18,,,,
1677,72,3068,19,,,,
1678,72,3043,20,,,,
1679,72,3235,21,,,,
1680,72,3339,22,,,,
1681,72,3185,23,,,,
1682,72,3049,24,,,,
1683,72,3019,25,,,,
1684,72,3071,26,,,,
1685,72,3366,27,,,,
1686,72,3258,28,,,,
1687,74,1559,1,,,,
1688,74,1560,2,,,,
1689,74,1561,3,,,,
1690,74,1562,4,,,,
1691,77,1613,1,,,,
1692,77,1614,2,,,,
1693,77,1615,3,,,,
1694,77,1616,4,,,,
1695,77,1617,5,,,,
1696,77,1618,6,,,,
1697,77,1619,7,,,,
1698,77,1620,8,,,,
1699,77,1621,9,,,,
1700,77,1622,10,,,,
1701,77,1623,11,,,,
1702,77,1624,12,,,,
1703,77,1625,13,,,,
1704,75,3362,1,,,,
1705,75,1448,2,,,,
1706,75,1563,3,,,,
1707,76,1564,1,,,,
1708,76,3325,2,,,,
1709,76,1566,3,,,,
1710,76,3209,4,,,,
1711,76,3259,5,,,,
1712,76,1569,6,,,,
1713,76,3026,7,,,,
1714,76,1571,8,,,,
1715,76,1572,9,,,,
1716,76,1573,10,,,,
1717,76,1574,11,,,,
1718,76,1575,12,,,,
1719,76,1576,13,,,,
1720,76,1577,14,,,,
1721,76,3210,15,,,,
1722,76,3124,16,,,,
1723,76,1580,17,,,,
1724,76,1581,18,,,,
1725,76,1582,19,,,,
1726,76,3285,20,,,,
1727,76,3130,21,,,,
1728,76,3203,22,,,,
1729,76,1586,23,,,,
1730,76,3091,24,,,,
1731,76,3267,25,,,,
1732,76,1589,26,,,,
1733,76,3311,27,,,,
1734,76,1591,28,,,,
1735,76,1592,29,,,,
1736,76,1593,30,,,,
1737,76,1594,31,,,,
1738,76,1595,32,,,,
1739,76,1596,33,,,,
1740,76,1597,34,,,,
1741,76,1598,35,,,,
1742,76,1599,36,,,,
1743,76,3336,37,,,,
1744,76,3099,38,,,,
1745,76,1602,39,,,,
1746,76,1603,40,,,,
1747,76,3299,41,,,,
1748,76,3253,42,,,,
1749,76,1606,43,,,,
1750,76,3047,44,,,,
1751,76,1608,45,,,,
1752,76,3258,46,,,,
1753,76,1610,47,,,,
1754,76,3253,48,,,,
1755,76,1612,49,,,,
1756,131,2228,1,,,,
1757,131,2229,2,,,,
1758,131,3027,3,,,,
1759,131,2231,4,,,,
1760,131,2232,5,,,,
1761,131,2233,6,,,,
1762,131,3086,7,,,,
1763,131,3092,8,,,,
1764,131,3101,9,,,,
1765,131,2237,10,,,,
1766,131,2238,11,,,,
1767,131,2239,12,,,,
1768,131,2240,13,,,,
1769,131,2241,14,,,,
1770,131,3131,15,,,,
1771,131,2243,16,,,,
1772,131,3368,17,,,,
1773,131,2244,18,,,,
1774,131,2245,19,,,,
1775,131,3286,20,,,,
1776,131,3287,21,,,,
1777,131,2248,22,,,,
1778,131,2249,23,,,,
1779,131,3300,24,,,,
1780,131,2251,25,,,,
1781,131,3345,26,,,,
1782,131,2253,27,,,,
1783,131,2254,28,,,,
1784,131,2255,29,,,,
1785,131,2256,30,,,,
1786,131,3325,31,,,,
1787,78,3342,1,,,,
1788,78,3203,2,,,,
1789,78,3259,3,,,,
1790,78,3051,4,,,,
1791,78,3086,5,,,,
1792,78,3193,6,,,,
1793,78,3200,7,,,,
1794,78,3101,8,,,,
1795,78,3169,9,,,,
1796,78,3091,10,,,,
1797,78,3042,11,,,,
1798,78,3285,12,,,,
1799,78,3179,13,,,,
1800,78,3294,14,,,,
1801,78,3041,15,,,,
1802,78,3130,16,,,,
1803,78,3026,17,,,,
1804,78,3075,18,,,,
1805,78,3269,19,,,,
1806,78,3316,20,,,,
1807,78,3140,21,,,,
1808,78,3311,22,,,,
1809,78,3070,23,,,,
1810,78,3258,24,,,,
1811,78,3021,25,,,,
1812,120,3250,1,,,,
1813,120,3231,2,,,,
1814,120,3221,3,,,,
1815,120,3005,4,,,,
1816,120,1731,5,,,,
1817,120,3223,6,,,,
1818,120,1733,7,,,,
1819,120,1734,8,,,,
1820,120,1735,9,,,,
1821,120,1736,10,,,,
1822,120,1737,11,,,,
1823,120,1738,12,,,,
1824,120,1739,13,,,,
1825,120,3106,14,,,,
1826,120,1741,15,,,,
1827,120,1742,16,,,,
1828,120,3065,17,,,,
1829,120,1744,18,,,,
1830,120,1745,19,,,,
1831,120,3206,20,,,,
1832,120,1747,21,,,,
1833,120,3012,22,,,,
1834,120,3090,23,,,,
1835,120,1750,24,,,,
1836,120,3344,25,,,,
1837,120,1752,26,,,,
1838,120,1753,27,,,,
1839,120,1754,28,,,,
1840,120,3248,29,,,,
1841,120,1756,30,,,,
1842,120,1766,31,,,,
1843,120,1767,32,,,,
1844,120,1768,33,,,,
1845,120,1769,34,,,,
1846,120,1770,35,,,,
1847,120,1771,36,,,,
1848,120,1772,37,,,,
1849,120,1773,38,,,,
1850,120,1774,39,,,,
1851,120,3295,40,,,,
1852,120,3057,41,,,,
1853,120,3324,42,,,,
1854,120,1778,43,,,,
1855,120,1779,44,,,,
1856,120,1780,45,,,,
1857,120,1781,46,,,,
1858,120,3107,47,,,,
1859,120,3257,48,,,,
1860,120,3046,49,,,,
1861,121,1783,1,,,,
1862,121,1627,2,,,,
1863,121,3101,3,,,,
1864,121,1785,4,,,,
1865,121,1786,5,,,,
1866,121,3286,6,,,,
1867,121,3032,7,,,,
1868,121,1789,8,,,,
1869,121,3086,9,,,,
1870,121,1791,10,,,,
1871,121,3092,11,,,,
1872,121,3131,12,,,,
1873,121,1794,13,,,,
1874,121,3041,14,,,,
1875,121,3369,15,,,,
1876,121,1797,16,,,,
1877,121,3027,17,,,,
1878,121,1798,18,,,,
1879,121,1799,19,,,,
1880,121,1800,20,,,,
1881,121,3333,21,,,,
1882,121,1802,22,,,,
1883,121,1803,23,,,,
1884,121,3060,24,,,,
1885,122,1804,1,,,,
1886,122,3316,2,,,,
1887,122,1806,3,,,,
1888,122,1807,4,,,,
1889,122,1808,5,,,,
1890,122,1809,6,,,,
1891,122,3321,7,,,,
1892,122,1811,8,,,,
1893,122,1812,9,,,,
1894,122,1813,10,,,,
1895,122,1814,11,,,,
1896,122,1815,12,,,,
1897,122,1816,13,,,,
1898,122,1817,14,,,,
1899,122,1818,15,,,,
1900,122,1819,16,,,,
1901,122,1820,17,,,,
1902,122,1821,18,,,,
1903,122,1822,19,,,,
1904,122,1823,20,,,,
1905,122,3252,21,,,,
1906,122,1825,22,,,,
1907,122,1826,23,,,,
1908,122,1827,24,,,,
1909,122,1828,25,,,,
1910,122,1829,26,,,,
1911,122,1830,27,,,,
1912,122,1831,28,,,,
1913,122,1832,29,,,,
1914,122,1833,30,,,,
1915,122,1843,31,,,,
1916,122,1844,32,,,,
1917,122,1845,33,,,,
1918,122,1846,34,,,,
1919,122,1847,35,,,,
1920,122,1848,36,,,,
1921,122,1849,37,,,,
1922,122,1850,38,,,,
1923,122,1851,39,,,,
1924,122,1852,40,,,,
1925,122,1853,41,,,,
1926,122,1854,42,,,,
1927,122,1855,43,,,,
1928,122,3140,44,,,,
1929,122,3059,45,,,,
1930,122,3144,46,,,,
1931,122,3355,47,,,,
1932,122,3181,48,,,,
1933,122,3259,49,,,,
1934,122,3253,50,,,,
1935,122,3299,51,,,,
1936,122,3079,52,,,,
1937,122,3258,53,,,,
1938,123,1865,1,,,,
1939,123,3270,2,,,,
1940,123,1867,3,,,,
1941,123,1868,4,,,,
1942,123,3259,5,,,,
1943,123,1870,6,,,,
1944,123,3316,7,,,,
1945,123,3045,8,,,,
1946,123,1873,9,,,,
1947,123,3359,10,,,,
1948,123,1875,11,,,,
1949,123,1876,12,,,,
1950,123,1877,13,,,,
1951,123,1878,14,,,,
1952,123,1879,15,,,,
1953,123,3079,16,,,,
1954,123,3351,17,,,,
1955,123,3311,18,,,,
1956,123,1883,19,,,,
1957,123,1884,20,,,,
1958,123,3252,21,,,,
1959,123,3231,22,,,,
1960,123,1886,23,,,,
1961,123,1887,24,,,,
1962,123,1888,25,,,,
1963,123,1889,26,,,,
1964,123,1890,27,,,,
1965,123,3258,28,,,,
1966,123,3318,29,,,,
1967,124,3202,1,,,,
1968,124,1892,2,,,,
1969,124,3325,3,,,,
1970,124,1894,4,,,,
1971,124,3002,5,,,,
1972,124,1896,6,,,,
1973,124,1897,7,,,,
1974,124,1898,8,,,,
1975,124,1899,9,,,,
1976,124,3191,10,,,,
1977,124,1901,11,,,,
1978,124,1902,12,,,,
1979,124,1903,13,,,,
1980,124,3214,14,,,,
1981,124,1905,15,,,,
1982,124,1906,16,,,,
1983,124,1907,17,,,,
1984,124,1908,18,,,,
1985,124,1909,19,,,,
1986,124,1910,20,,,,
1987,124,1911,21,,,,
1988,124,1912,22,,,,
1989,124,1913,23,,,,
1990,124,1914,24,,,,
1991,124,3215,25,,,,
1992,124,1916,26,,,,
1993,124,3190,27,,,,
1994,124,1918,28,,,,
1995,124,1919,29,,,,
1996,124,1920,30,,,,
1997,124,1921,31,,,,
1998,124,1922,32,,,,
1999,124,1923,33,,,,
2000,124,1924,34,,,,
2001,124,1925,35,,,,
2002,124,1926,36,,,,
2003,124,1927,37,,,,
2004,124,1928,38,,,,
2005,124,1929,39,,,,
2006,124,1930,40,,,,
2007,124,3022,41,,,,
2008,124,1932,42,,,,
2009,124,1933,43,,,,
2010,124,1934,44,,,,
2011,124,1935,45,,,,
2012,124,3119,46,,,,
2013,124,3077,47,,,,
2014,124,1938,48,,,,
2015,124,3230,49,,,,
2016,124,1940,50,,,,
2017,124,1941,51,,,,
2018,124,1942,52,,,,
2019,124,3197,53,,,,
2020,124,1944,54,,,,
2021,124,3258,55,,,,
2022,124,3277,56,,,,
2023,125,3270,1,,,,
2024,125,1948,2,,,,
2025,125,1949,3,,,,
2026,125,3359,4,,,,
2027,125,3225,5,,,,
2028,125,1952,6,,,,
2029,125,3301,7,,,,
2030,125,1954,8,,,,
2031,125,1955,9,,,,
2032,125,1956,10,,,,
2033,125,1957,11,,,,
2034,125,1958,12,,,,
2035,125,1959,13,,,,
2036,125,1960,14,,,,
2037,125,1961,15,,,,
2038,125,1962,16,,,,
2039,125,1963,17,,,,
2040,125,1964,18,,,,
2041,125,1965,19,,,,
2042,125,3223,20,,,,
2043,125,3278,21,,,,
2044,125,3258,22,,,,
2045,125,1969,23,,,,
2046,126,1970,1,,,,
2047,126,3289,2,,,,
2048,126,1972,3,,,,
2049,126,1973,4,,,,
2050,126,1974,5,,,,
2051,126,1975,6,,,,
2052,126,1976,7,,,,
2053,126,3254,8,,,,
2054,126,3304,9,,,,
2055,126,3127,10,,,,
2056,126,3039,11,,,,
2057,126,3034,12,,,,
2058,126,3320,13,,,,
2059,126,3093,14,,,,
2060,126,1984,15,,,,
2061,126,3203,16,,,,
2062,126,1986,17,,,,
2063,126,3168,18,,,,
2064,126,3264,19,,,,
2065,126,1989,20,,,,
2066,126,1990,21,,,,
2067,126,1991,22,,,,
2068,126,1992,23,,,,
2069,126,1993,24,,,,
2070,126,3198,25,,,,
2071,126,1995,26,,,,
2072,126,1996,27,,,,
2073,126,3325,28,,,,
2074,126,1998,29,,,,
2075,126,3064,30,,,,
2076,126,2009,31,,,,
2077,126,3338,32,,,,
2078,126,2011,33,,,,
2079,126,2012,34,,,,
2080,126,3295,35,,,,
2081,126,2014,36,,,,
2082,126,3258,37,,,,
2083,126,3263,38,,,,
2084,127,2015,1,,,,
2085,127,3270,2,,,,
2086,127,2016,3,,,,
2087,127,3333,4,,,,
2088,127,2018,5,,,,
2089,127,3359,6,,,,
2090,127,2020,7,,,,
2091,127,2021,8,,,,
2092,127,2022,9,,,,
2093,127,2023,10,,,,
2094,127,2024,11,,,,
2095,127,2025,12,,,,
2096,127,3295,13,,,,
2097,127,3045,14,,,,
2098,127,2028,15,,,,
2099,127,2029,16,,,,
2100,127,2030,17,,,,
2101,127,3346,18,,,,
2102,127,2032,19,,,,
2103,127,3050,20,,,,
2104,127,3079,21,,,,
2105,127,2033,22,,,,
2106,127,2034,23,,,,
2107,127,2035,24,,,,
2108,127,2036,25,,,,
2109,127,3241,26,,,,
2110,127,3032,27,,,,
2111,127,2039,28,,,,
2112,127,2040,29,,,,
2113,127,3321,30,,,,
2114,127,3255,31,,,,
2115,127,2043,32,,,,
2116,127,2053,33,,,,
2117,127,2054,34,,,,
2118,127,2055,35,,,,
2119,127,3225,36,,,,
2120,127,2057,37,,,,
2121,127,2058,38,,,,
2122,127,2059,39,,,,
2123,127,2060,40,,,,
2124,127,2061,41,,,,
2125,127,2062,42,,,,
2126,127,2063,43,,,,
2127,127,2064,44,,,,
2128,127,2065,45,,,,
2129,127,2066,46,,,,
2130,127,2067,47,,,,
2131,127,2068,48,,,,
2132,127,2069,49,,,,
2133,127,2070,50,,,,
2134,127,2071,51,,,,
2135,127,2072,52,,,,
2136,127,2073,53,,,,
2137,127,2074,54,,,,
2138,127,2075,55,,,,
2139,127,3259,56,,,,
2140,127,2077,57,,,,
2141,127,2078,58,,,,
2142,127,3258,59,,,,
2143,127,2080,60,,,,
2144,128,2081,1,,,,
2145,128,3039,2,,,,
2146,128,2083,3,,,,
2147,128,2084,4,,,,
2148,128,3095,5,,,,
2149,128,2086,6,,,,
2150,128,3241,7,,,,
2151,128,1977,8,,,,
2152,128,2088,9,,,,
2153,128,3061,10,,,,
2154,128,2090,11,,,,
2155,128,3085,12,,,,
2156,128,2092,13,,,,
2157,128,2093,14,,,,
2158,128,2094,15,,,,
2159,128,3129,16,,,,
2160,128,2096,17,,,,
2161,128,2097,18,,,,
2162,128,2098,19,,,,
2163,128,2099,20,,,,
2164,128,3183,21,,,,
2165,128,2101,22,,,,
2166,128,3351,23,,,,
2167,128,2103,24,,,,
2168,128,2104,25,,,,
2169,128,2105,26,,,,
2170,128,2106,27,,,,
2171,128,3259,28,,,,
2172,128,3311,29,,,,
2173,128,3295,30,,,,
2174,128,2118,31,,,,
2175,128,3258,32,,,,
2176,129,3271,1,,,,
2177,129,3204,2,,,,
2178,129,3319,3,,,,
2179,129,3170,4,,,,
2180,129,3199,5,,,,
2181,129,3099,6,,,,
2182,129,3135,7,,,,
2183,129,3276,8,,,,
2184,129,3290,9,,,,
2185,129,3058,10,,,,
2186,129,3252,11,,,,
2187,129,3189,12,,,,
2188,129,3040,13,,,,
2189,129,3350,14,,,,
2190,129,3121,15,,,,
2191,129,3207,16,,,,
2192,129,3089,17,,,,
2193,129,3009,18,,,,
2194,129,3201,19,,,,
2195,129,3154,20,,,,
2196,129,3255,21,,,,
2197,129,3327,22,,,,
2198,129,3317,23,,,,
2199,129,3226,24,,,,
2200,129,3259,25,,,,
2201,129,3162,26,,,,
2202,129,3069,27,,,,
2203,129,3222,28,,,,
2204,129,3258,29,,,,
2205,129,3122,30,,,,
2206,129,3311,31,,,,
2207,129,3001,32,,,,
2208,129,3325,33,,,,
2209,129,3105,34,,,,
2210,132,3271,1,,,,
2211,132,3204,2,,,,
2212,132,3319,3,,,,
2213,132,3170,4,,,,
2214,132,3199,5,,,,
2215,132,3099,6,,,,
2216,132,3135,7,,,,
2217,132,3276,8,,,,
2218,132,3290,9,,,,
2219,132,3058,10,,,,
2220,132,3252,11,,,,
2221,132,3189,12,,,,
2222,132,3040,13,,,,
2223,132,3350,14,,,,
2224,132,3121,15,,,,
2225,132,3207,16,,,,
2226,132,3089,17,,,,
2227,132,3009,18,,,,
2228,132,3201,19,,,,
2229,132,3154,20,,,,
2230,132,3255,21,,,,
2231,132,3327,22,,,,
2232,132,3317,23,,,,
2233,132,3226,24,,,,
2234,132,3259,25,,,,
2235,132,3162,26,,,,
2236,132,3069,27,,,,
2237,132,3222,28,,,,
2238,132,3258,29,,,,
2239,132,3122,30,,,,
2240,132,3311,31,,,,
2241,132,3001,32,,,,
2242,132,3325,33,,,,
2243,132,3105,34,,,,
2244,130,2156,1,,,,
2245,130,3328,2,,,,
2246,130,2158,3,,,,
2247,130,2159,4,,,,
2248,130,3178,5,,,,
2249,130,2161,6,,,,
2250,130,2162,7,,,,
2251,130,2163,8,,,,
2252,130,3218,9,,,,
2253,130,3270,10,,,,
2254,130,3190,11,,,,
2255,130,3081,12,,,,
2256,130,2168,13,,,,
2257,130,3084,14,,,,
2258,130,2169,15,,,,
2259,130,3370,16,,,,
2260,130,2170,17,,,,
2261,130,2171,18,,,,
2262,130,2172,19,,,,
2263,130,3015,20,,,,
2264,130,2173,21,,,,
2265,130,2174,22,,,,
2266,130,2175,23,,,,
2267,130,3336,24,,,,
2268,130,3341,25,,,,
2269,130,3097,26,,,,
2270,130,2179,27,,,,
2271,130,2180,28,,,,
2272,130,3151,29,,,,
2273,130,3102,30,,,,
2274,130,3120,31,,,,
2275,130,3200,32,,,,
2276,130,3252,33,,,,
2277,130,2195,34,,,,
2278,130,2196,35,,,,
2279,130,2197,36,,,,
2280,130,2198,37,,,,
2281,130,2199,38,,,,
2282,130,2200,39,,,,
2283,130,2201,40,,,,
2284,130,2202,41,,,,
2285,130,3098,42,,,,
2286,130,2204,43,,,,
2287,130,3053,44,,,,
2288,130,2206,45,,,,
2289,130,3255,46,,,,
2290,130,3280,47,,,,
2291,130,2209,48,,,,
2292,130,3346,49,,,,
2293,130,3351,50,,,,
2294,130,2212,51,,,,
2295,130,3129,52,,,,
2296,130,3095,53,,,,
2297,130,3183,54,,,,
2298,130,3259,55,,,,
2299,130,3311,56,,,,
2300,130,2218,57,,,,
2301,130,3155,58,,,,
2302,130,2220,59,,,,
2303,130,2221,60,,,,
2304,130,2222,61,,,,
2305,130,2223,62,,,,
2306,130,3258,63,,,,
2307,130,2225,64,,,,
2308,130,3067,65,,,,
2309,130,3296,66,,,,
2310,119,3024,1,,,,
2311,119,3210,2,,,,
2312,119,3124,3,,,,
2313,119,3181,4,,,,
2314,119,3293,5,,,,
2315,119,3203,6,,,,
2316,119,1714,7,,,,
2317,119,3079,8,,,,
2318,119,1716,9,,,,
2319,119,1717,10,,,,
2320,119,1718,11,,,,
2321,119,1719,12,,,,
2322,119,3269,13,,,,
2323,119,1721,14,,,,
2324,119,1722,15,,,,
2325,119,1723,16,,,,
2326,119,1724,17,,,,
2327,119,3173,18,,,,
2328,119,3258,19,,,,
2329,135,2272,1,,,,
2330,135,2273,2,,,,
2331,135,2274,3,,,,
2332,135,2275,4,,,,
2333,135,2276,5,,,,
2334,135,2277,6,,,,
2335,136,2278,1,,,,
2336,136,2279,2,,,,
2337,136,2280,3,,,,
2338,137,2281,1,,,,
2339,137,2282,2,,,,
2340,137,2283,3,,,,
2341,137,2284,4,,,,
2342,137,2285,5,,,,
2343,137,2286,6,,,,
2344,137,2287,7,,,,
2345,141,2302,1,,,,
2346,141,2303,2,,,,
2347,141,2304,3,,,,
2348,141,2305,4,,,,
2349,141,2306,5,,,,
2350,144,2630,1,,,,
2351,144,2631,2,,,,
2352,144,2632,3,,,,
2353,144,2633,4,,,,
2354,144,2634,5,,,,
2355,143,2627,1,,,,
2356,143,2628,2,,,,
2357,143,2629,3,,,,
2358,146,3028,1,,,,
2359,146,2644,2,,,,
2360,146,2645,3,,,,
2361,146,2646,4,,,,
2362,146,2647,5,,,,
2363,146,2648,6,,,,
2364,146,3166,7,,,,
2365,146,2650,8,,,,
2366,146,2651,9,,,,
2367,146,2652,10,,,,
2368,146,2653,11,,,,
2369,146,2654,12,,,,
2370,146,2655,13,,,,
2371,146,2656,14,,,,
2372,146,3119,15,,,,
2373,146,3299,16,,,,
2374,146,2659,17,,,,
2375,146,3295,18,,,,
2376,147,2661,1,,,,
2377,147,2662,2,,,,
2378,147,2663,3,,,,
2379,147,2664,4,,,,
2380,147,2665,5,,,,
2381,147,2666,6,,,,
2382,147,2667,7,,,,
2383,147,2668,8,,,,
2384,147,2669,9,,,,
2385,147,2670,10,,,,
2386,147,2671,11,,,,
2387,147,2672,12,,,,
2388,147,2673,13,,,,
2389,147,2674,14,,,,
2390,147,2675,15,,,,
2391,147,2676,16,,,,
2392,147,2677,17,,,,
2393,147,2678,18,,,,
2394,147,2679,19,,,,
2395,147,2680,20,,,,
2396,147,2681,21,,,,
2397,147,2682,22,,,,
2398,147,2683,23,,,,
2399,147,2684,24,,,,
2400,147,2685,25,,,,
2401,81,3325,1,,,,
2402,81,3133,2,,,,
2403,81,3134,3,,,,
2404,81,3077,4,,,,
2405,81,3108,5,,,,
2406,81,3243,6,,,,
2407,81,3257,7,,,,
2408,80,1651,1,,,,
2409,80,3173,2,,,,
2410,80,1653,3,,,,
2411,80,1654,4,,,,
2412,80,3339,5,,,,
2413,80,3209,6,,,,
2414,80,1657,7,,,,
2415,80,1658,8,,,,
2416,80,1659,9,,,,
2417,80,3142,10,,,,
2418,80,1661,11,,,,
2419,80,1662,12,,,,
2420,80,1663,13,,,,
2421,80,3133,14,,,,
2422,80,1665,15,,,,
2423,80,1666,16,,,,
2424,80,1667,17,,,,
2425,80,1668,18,,,,
2426,80,1669,19,,,,
2427,80,3078,20,,,,
2428,80,1671,21,,,,
2429,80,1672,22,,,,
2430,80,1673,23,,,,
2431,80,1674,24,,,,
2432,80,1675,25,,,,
2433,80,1676,26,,,,
2434,80,3222,27,,,,
2435,80,3089,28,,,,
2436,80,1679,29,,,,
2437,80,1680,30,,,,
2438,80,3064,31,,,,
2439,80,3024,32,,,,
2440,80,1683,33,,,,
2441,80,1684,34,,,,
2442,80,1685,35,,,,
2443,80,1686,36,,,,
2444,80,1687,37,,,,
2445,80,1688,38,,,,
2446,80,1689,39,,,,
2447,80,1690,40,,,,
2448,80,1691,41,,,,
2449,80,1692,42,,,,
2450,80,1693,43,,,,
2451,80,1694,44,,,,
2452,80,1695,45,,,,
2453,80,1696,46,,,,
2454,80,1697,47,,,,
2455,80,1698,48,,,,
2456,80,1699,49,,,,
2457,80,3257,50,,,,
2458,80,3150,51,,,,
2459,82,3325,1,,,,
2460,82,3133,2,,,,
2461,82,3134,3,,,,
2462,82,3077,4,,,,
2463,82,3108,5,,,,
2464,82,3243,6,,,,
2465,82,3257,7,,,,
2466,83,3325,1,,,,
2467,83,3133,2,,,,
2468,83,3134,3,,,,
2469,83,3077,4,,,,
2470,83,3108,5,,,,
2471,83,3243,6,,,,
2472,83,3257,7,,,,
2473,84,3325,1,,,,
2474,84,3133,2,,,,
2475,84,3134,3,,,,
2476,84,3077,4,,,,
2477,84,2322,5,,,,
2478,84,3108,6,,,,
2479,84,3243,7,,,,
2480,84,3257,8,,,,
2481,85,3325,1,,,,
2482,85,3133,2,,,,
2483,85,3134,3,,,,
2484,85,3077,4,,,,
2485,85,3108,5,,,,
2486,85,3243,6,,,,
2487,85,3257,7,,,,
2488,79,3342,1,,,,
2489,79,3203,2,,,,
2490,79,3259,3,,,,
2491,79,3051,4,,,,
2492,79,3086,5,,,,
2493,79,3193,6,,,,
2494,79,3200,7,,,,
2495,79,3101,8,,,,
2496,79,3169,9,,,,
2497,79,3091,10,,,,
2498,79,3042,11,,,,
2499,79,3285,12,,,,
2500,79,3179,13,,,,
2501,79,3294,14,,,,
2502,79,3041,15,,,,
2503,79,3130,16,,,,
2504,79,3026,17,,,,
2505,79,3075,18,,,,
2506,79,3269,19,,,,
2507,79,3316,20,,,,
2508,79,3140,21,,,,
2509,79,3311,22,,,,
2510,79,3070,23,,,,
2511,79,3257,24,,,,
2512,79,3021,25,,,,
2513,86,3325,1,,,,
2514,86,3133,2,,,,
2515,86,3134,3,,,,
2516,86,3077,4,,,,
2517,86,3108,5,,,,
2518,86,3243,6,,,,
2519,86,3257,7,,,,
2520,87,3325,1,,,,
2521,87,3133,2,,,,
2522,87,3134,3,,,,
2523,87,3077,4,,,,
2524,87,3108,5,,,,
2525,87,3243,6,,,,
2526,87,3257,7,,,,
2527,88,3325,1,,,,
2528,88,3133,2,,,,
2529,88,3134,3,,,,
2530,88,3077,4,,,,
2531,88,3108,5,,,,
2532,88,3243,6,,,,
2533,88,3257,7,,,,
2534,89,3325,1,,,,
2535,89,3133,2,,,,
2536,89,3134,3,,,,
2537,89,3077,4,,,,
2538,89,2330,5,,,,
2539,89,3108,6,,,,
2540,89,3243,7,,,,
2541,89,3257,8,,,,
2542,90,3325,1,,,,
2543,90,3133,2,,,,
2544,90,3134,3,,,,
2545,90,3077,4,,,,
2546,90,2338,5,,,,
2547,90,3108,6,,,,
2548,90,3243,7,,,,
2549,90,3257,8,,,,
2550,91,3325,1,,,,
2551,91,3133,2,,,,
2552,91,3134,3,,,,
2553,91,3077,4,,,,
2554,91,3108,5,,,,
2555,91,3243,6,,,,
2556,91,3257,7,,,,
2557,92,3325,1,,,,
2558,92,3133,2,,,,
2559,92,3134,3,,,,
2560,92,3077,4,,,,
2561,92,2346,5,,,,
2562,92,3108,6,,,,
2563,92,3243,7,,,,
2564,92,3257,8,,,,
2565,93,3325,1,,,,
2566,93,3133,2,,,,
2567,93,3134,3,,,,
2568,93,3077,4,,,,
2569,93,3108,5,,,,
2570,93,3243,6,,,,
2571,93,3257,7,,,,
2572,94,3325,1,,,,
2573,94,3133,2,,,,
2574,94,3134,3,,,,
2575,94,3077,4,,,,
2576,94,3108,5,,,,
2577,94,3243,6,,,,
2578,94,3257,7,,,,
2579,95,3325,1,,,,
2580,95,3133,2,,,,
2581,95,3134,3,,,,
2582,95,3077,4,,,,
2583,95,3108,5,,,,
2584,95,3243,6,,,,
2585,95,3257,7,,,,
2586,96,3325,1,,,,
2587,96,3133,2,,,,
2588,96,3134,3,,,,
2589,96,3077,4,,,,
2590,96,3108,5,,,,
2591,96,3243,6,,,,
2592,96,3257,7,,,,
2593,97,3325,1,,,,
2594,97,3133,2,,,,
2595,97,3134,3,,,,
2596,97,3077,4,,,,
2597,97,3108,5,,,,
2598,97,3243,6,,,,
2599,97,3257,7,,,,
2600,98,3325,1,,,,
2601,98,3133,2,,,,
2602,98,3134,3,,,,
2603,98,3077,4,,,,
2604,98,3108,5,,,,
2605,98,3243,6,,,,
2606,98,3257,7,,,,
2607,99,3325,1,,,,
2608,99,3133,2,,,,
2609,99,3134,3,,,,
2610,99,3077,4,,,,
2611,99,3108,5,,,,
2612,99,3243,6,,,,
2613,99,3257,7,,,,
2614,100,3325,1,,,,
2615,100,3133,2,,,,
2616,100,3134,3,,,,
2617,100,3077,4,,,,
2618,100,3094,5,,,,
2619,100,3108,6,,,,
2620,100,3243,7,,,,
2621,100,3257,8,,,,
2622,101,3325,1,,,,
2623,101,3133,2,,,,
2624,101,3134,3,,,,
2625,101,3077,4,,,,
2626,101,3108,5,,,,
2627,101,3243,6,,,,
2628,101,3257,7,,,,
2629,102,3325,1,,,,
2630,102,3133,2,,,,
2631,102,3134,3,,,,
2632,102,3077,4,,,,
2633,102,3108,5,,,,
2634,102,3243,6,,,,
2635,102,3257,7,,,,
2636,103,3325,1,,,,
2637,103,3133,2,,,,
2638,103,3134,3,,,,
2639,103,3077,4,,,,
2640,103,3108,5,,,,
2641,103,3243,6,,,,
2642,103,3257,7,,,,
2643,104,3325,1,,,,
2644,104,3133,2,,,,
2645,104,3134,3,,,,
2646,104,3077,4,,,,
2647,104,3108,5,,,,
2648,104,3243,6,,,,
2649,104,3257,7,,,,
2650,105,3325,1,,,,
2651,105,3133,2,,,,
2652,105,3134,3,,,,
2653,105,3077,4,,,,
2654,105,3108,5,,,,
2655,105,3243,6,,,,
2656,105,3257,7,,,,
2657,106,3325,1,,,,
2658,106,3133,2,,,,
2659,106,3134,3,,,,
2660,106,3077,4,,,,
2661,106,3108,5,,,,
2662,106,3243,6,,,,
2663,106,3257,7,,,,
2664,107,3325,1,,,,
2665,107,3133,2,,,,
2666,107,3134,3,,,,
2667,107,3077,4,,,,
2668,107,3108,5,,,,
2669,107,3243,6,,,,
2670,107,3257,7,,,,
2671,108,3325,1,,,,
2672,108,3133,2,,,,
2673,108,3134,3,,,,
2674,108,3077,4,,,,
2675,108,3108,5,,,,
2676,108,3243,6,,,,
2677,108,3257,7,,,,
2678,109,3325,1,,,,
2679,109,3133,2,,,,
2680,109,3134,3,,,,
2681,109,3077,4,,,,
2682,109,3108,5,,,,
2683,109,3243,6,,,,
2684,109,3257,7,,,,
2685,110,3325,1,,,,
2686,110,3133,2,,,,
2687,110,3134,3,,,,
2688,110,3077,4,,,,
2689,110,3108,5,,,,
2690,110,3243,6,,,,
2691,110,3257,7,,,,
2692,111,3325,1,,,,
2693,111,3133,2,,,,
2694,111,3134,3,,,,
2695,111,3077,4,,,,
2696,111,3108,5,,,,
2697,111,3243,6,,,,
2698,111,3257,7,,,,
2699,112,3325,1,,,,
2700,112,3133,2,,,,
2701,112,3134,3,,,,
2702,112,3077,4,,,,
2703,112,3108,5,,,,
2704,112,3243,6,,,,
2705,112,3257,7,,,,
2706,113,3325,1,,,,
2707,113,3133,2,,,,
2708,113,3134,3,,,,
2709,113,3077,4,,,,
2710,113,3108,5,,,,
2711,113,3243,6,,,,
2712,113,3257,7,,,,
2713,114,3325,1,,,,
2714,114,3133,2,,,,
2715,114,3134,3,,,,
2716,114,3077,4,,,,
2717,114,3108,5,,,,
2718,114,3243,6,,,,
2719,114,3257,7,,,,
2720,115,3325,1,,,,
2721,115,3133,2,,,,
2722,115,3134,3,,,,
2723,115,3077,4,,,,
2724,115,3108,5,,,,
2725,115,3243,6,,,,
2726,115,3257,7,,,,
2727,116,3325,1,,,,
2728,116,3133,2,,,,
2729,116,3134,3,,,,
2730,116,3077,4,,,,
2731,116,3108,5,,,,
2732,116,3243,6,,,,
2733,116,3257,7,,,,
2734,117,3325,1,,,,
2735,117,3133,2,,,,
2736,117,3134,3,,,,
2737,117,3077,4,,,,
2738,117,3108,5,,,,
2739,117,3243,6,,,,
2740,117,3257,7,,,,
2741,118,3325,1,,,,
2742,118,3133,2,,,,
2743,118,3134,3,,,,
2744,118,3077,4,,,,
2745,118,3108,5,,,,
2746,118,3243,6,,,,
2747,118,3257,7,,,,
2748,138,3272,1,,,,
2749,138,3108,2,,,,
2750,138,2360,3,,,,
2751,138,3094,4,,,,
2752,138,3077,5,,,,
2753,138,3325,6,,,,
2754,138,3243,7,,,,
2755,142,2307,1,,,,
