id,species_id,name,consent_document,submitted_id,submission_date,sampling_protocol
17939,3021,mac1,,,,
17940,3247,mac2,,,,
17941,3021,mac3,,,,
17942,3247,mac4,,,,
17943,3021,mac5,,,,
17944,3247,mac6,,,,
17945,3021,mac7,,,,
17946,3247,mac8,,,,
17947,3021,mac9,,,,
17948,3247,mac10,,,,
17949,3021,mac11,,,,
17950,3247,mac12,,,,
21457,7,s1,,,,
21458,7,s2,,,,
21459,7,s3,,,,
21460,7,s4,,,,
21461,7,s5,,,,
21462,7,s6,,,,
21463,7,s7,,,,
21464,7,s8,,,,
21465,7,s9,,,,
21466,7,s10,,,,
21467,7,s11,,,,
21468,7,s12,,,,
21469,7,s13,,,,
21470,7,s14,,,,
21471,7,s15,,,,
21472,7,s16,,,,
21473,7,s17,,,,
21474,7,s18,,,,
21475,7,s19,,,,
21476,7,s20,,,,
21477,7,s21,,,,
21478,7,s22,,,,
21479,7,s23,,,,
21480,7,s24,,,,
21481,7,s25,,,,
21482,7,s26,,,,
21483,7,s27,,,,
21484,7,s28,,,,
21485,7,s29,,,,
21486,7,s30,,,,
21487,7,s31,,,,
21488,7,s32,,,,
21489,7,s33,,,,
21490,7,s34,,,,
21491,7,s35,,,,
21492,7,s36,,,,
21493,7,s37,,,,
21494,7,s38,,,,
21495,7,s39,,,,
21496,7,s40,,,,
21497,7,s41,,,,
21498,7,s42,,,,
21499,7,s43,,,,
21500,7,s44,,,,
21501,7,s45,,,,
21502,7,s46,,,,
21503,7,s47,,,,
21504,7,s48,,,,
21505,7,s49,,,,
21506,7,s50,,,,
21507,7,s51,,,,
21508,7,s52,,,,
21611,7,SD-B00001,,,,
21612,7,SD-B00006,,,,
21613,7,SD-B00007,,,,
21614,7,SD-B00011,,,,
21615,7,SD-B00012,,,,
21616,7,SD-B00013,,,,
21617,7,SD-B00014,,,,
21618,7,SD-B00015,,,,
21619,7,SD-B00017,,,,
21620,7,SD-B00020,,,,
21621,7,SD-B00023,,,,
21622,7,SD-B00025,,,,
21623,7,SD-B00029,,,,
21624,7,SD-B00030,,,,
21625,7,SD-B00032,,,,
21626,7,SD-B00033,,,,
21627,7,SD-B00034,,,,
21628,7,SD-B00036,,,,
21629,7,SD-B00038,,,,
21630,7,SD-B00040,,,,
21631,7,SD-B00041,,,,
21632,7,SD-B00043,,,,
21633,7,SD-B00044,,,,
21634,7,SD-B00047,,,,
21635,7,SD-B00048,,,,
21636,7,SD-B00049,,,,
21637,7,SD-B00052,,,,
21638,7,SD-B00060,,,,
21639,7,SD-B00064,,,,
21640,7,SD-B00066,,,,
21641,7,SD-B00067,,,,
21642,7,SD-B00068,,,,
21643,7,SD-B00070,,,,
21644,7,SD-B00071,,,,
21645,7,SD-B00073,,,,
21646,7,SD-B00074,,,,
21647,7,SD-B00081,,,,
21648,7,SD-B00083,,,,
21649,7,SD-B00084,,,,
21650,7,SD-B00085,,,,
21651,7,SD-B00086,,,,
21652,7,SD-B00088,,,,
21653,7,SD-B00089,,,,
21654,7,SD-B00091,,,,
21655,7,SD-B00092,,,,
21656,7,SD-B00094,,,,
21657,7,SD-B00096,,,,
21658,7,SD-B00097,,,,
21659,7,SD-B00099,,,,
21660,7,SD-B00104,,,,
21661,7,SD-B00105,,,,
21662,7,SD-B00112,,,,
21663,7,SD-B00113,,,,
21664,7,SD-B00114,,,,
21665,7,SD-B00117,,,,
21666,7,SD-B00118,,,,
21667,7,SD-B00119,,,,
21668,7,SD-B00120,,,,
21669,7,SD-B00124,,,,
21670,7,SD-B00125,,,,
21671,7,SD-B00126,,,,
21672,7,SD-B00128,,,,
21673,7,SD-B00129,,,,
21674,7,SD-B00133,,,,
21675,7,SD-B00136,,,,
21676,7,SD-B00138,,,,
21677,7,SD-B00141,,,,
21678,7,SD-B00142,,,,
21679,7,SD-B00146,,,,
21680,7,SD-B00147,,,,
21681,7,SD-B00148,,,,
21682,7,SD-B00149,,,,
21683,7,SD-B00150,,,,
21684,7,SD-B00151,,,,
21685,7,SD-B00152,,,,
21686,7,SD-B00157,,,,
21687,7,SD-B00158,,,,
21688,7,SD-B00159,,,,
21689,7,SD-B00160,,,,
21690,7,SD-B00161,,,,
21691,7,SD-B00166,,,,
21692,7,SD-B00168,,,,
21693,7,SD-B00170,,,,
21694,7,SD-B00171,,,,
21695,7,SD-B00174,,,,
21696,7,SD-B00177,,,,
21697,7,SD-B00179,,,,
21698,7,SD-B00181,,,,
21699,7,SD-B00182,,,,
21700,7,SD-B00183,,,,
21701,7,SD-B00184,,,,
21702,7,SD-B00185,,,,
21703,7,SD-B00186,,,,
21704,7,SD-B00187,,,,
21705,7,SD-B00188,,,,
21706,7,SD-B00189,,,,
21707,7,SD-B00190,,,,
21708,7,SD-B00191,,,,
21709,7,SD-B00194,,,,
21710,7,SD-B00195,,,,
21711,7,SD-B00196,,,,
21712,7,SD-B00197,,,,
21713,7,SD-B00198,,,,
21714,7,SD-B00199,,,,
21715,7,SD-B00200,,,,
21716,7,SD-B00201,,,,
21717,7,SD-B00202,,,,
21718,7,SD-B00203,,,,
21719,7,SD-B00206,,,,
21720,7,SD-B00209,,,,
21721,7,SD-B00211,,,,
21722,7,SD-B00212,,,,
21723,7,SD-B00213,,,,
21724,7,SD-B00214,,,,
21725,7,SD-B00215,,,,
21726,7,SD-B00216,,,,
21727,7,SD-B00217,,,,
21728,7,SD-B00218,,,,
21729,7,SD-B00219,,,,
21730,7,SD-B00220,,,,
21731,7,SD-B00221,,,,
21732,7,SD-B00222,,,,
21733,7,SD-B00224,,,,
21734,7,SD-B00225,,,,
21735,7,SD-B00226,,,,
21736,7,SD-B00227,,,,
21737,7,SD-B00229,,,,
21738,7,SD-B00231,,,,
21739,7,SD-B00232,,,,
21740,7,SD-B00233,,,,
21741,7,SD-B00234,,,,
21742,7,SD-B00235,,,,
21743,7,SD-B00236,,,,
21744,7,SD-B00237,,,,
21745,7,SD-B00238,,,,
21746,7,SD-B00239,,,,
21747,7,SD-B00240,,,,
21748,7,SD-B00241,,,,
21749,7,SD-B00243,,,,
21750,7,SD-B00246,,,,
21751,7,SD-B00248,,,,
21752,7,SD-B00249,,,,
21753,7,SD-B00250,,,,
21754,7,SD-B00252,,,,
21755,7,SD-B00253,,,,
21756,7,SD-B00254,,,,
21757,7,SD-B00255,,,,
21758,7,SD-B00256,,,,
21759,7,SD-B00257,,,,
21760,7,SD-B00258,,,,
21761,7,SD-B00259,,,,
21762,7,SD-B00260,,,,
21763,7,SD-B00262,,,,
21764,7,SD-B00263,,,,
21765,7,SD-B00264,,,,
21766,7,SD-B00265,,,,
21767,7,SD-B00267,,,,
21768,7,SD-B00268,,,,
21769,7,SD-B00270,,,,
21770,7,SD-B00271,,,,
21771,7,SD-B00272,,,,
21772,7,SD-B00273,,,,
21773,7,SD-B00275,,,,
21774,7,SD-B00276,,,,
21775,7,SD-B00277,,,,
21776,7,SD-B00278,,,,
21777,7,SD-B00280,,,,
21778,7,SD-B00281,,,,
21779,7,SD-B00282,,,,
21780,7,SD-B00283,,,,
21781,7,SD-B00285,,,,
21782,7,SD-B00286,,,,
21783,7,SD-B00287,,,,
21784,7,SD-B00288,,,,
21785,7,SD-B00289,,,,
21786,7,SD-B00290,,,,
21787,7,SD-B00291,,,,
21788,7,SD-B00292,,,,
21789,7,SD-B00293,,,,
21790,7,SD-B00294,,,,
21791,7,SD-B00295,,,,
21792,7,SD-B00296,,,,
21793,7,SD-B00297,,,,
21794,7,SD-B00298,,,,
21795,7,SD-B00299,,,,
21796,7,SD-B00300,,,,
21797,7,SD-B00301,,,,
21798,7,SD-B00302,,,,
21799,7,SD-B00303,,,,
21800,7,SD-B00304,,,,
21801,7,SD-B00305,,,,
21802,7,SD-B00306,,,,
21803,7,SD-B00307,,,,
21804,7,SD-B00308,,,,
21805,7,SD-B00309,,,,
21806,7,SD-B00310,,,,
21807,7,SD-B00312,,,,
21808,7,SD-B00313,,,,
21809,7,SD-B00314,,,,
21810,7,SD-B00315,,,,
21811,7,SD-B00317,,,,
21812,7,SD-B00318,,,,
21813,7,SD-B00319,,,,
21814,7,SD-B00320,,,,
21815,7,SD-B00321,,,,
21816,7,SD-B00322,,,,
21817,7,SD-B00323,,,,
21818,7,SD-B00325,,,,
21819,7,SD-B00326,,,,
21820,7,SD-B00328,,,,
21821,7,SD-B00329,,,,
21822,7,SD-B00330,,,,
21823,7,SD-B00331,,,,
21824,7,SD-B00332,,,,
21825,7,SD-B00333,,,,
21826,7,SD-B00334,,,,
21827,7,SD-B00335,,,,
21828,7,SD-B00336,,,,
21829,7,SD-B00338,,,,
21830,7,SD-B00339,,,,
21831,7,SD-B00340,,,,
21832,7,SD-B00341,,,,
21833,7,SD-B00342,,,,
21834,7,SD-B00343,,,,
21835,7,SD-B00344,,,,
21836,7,SD-B00345,,,,
21837,7,SD-B00347,,,,
21838,7,SD-B00348,,,,
21839,7,SD-B00349,,,,
21840,7,SD-B00351,,,,
21841,7,SD-B00352,,,,
21842,7,SD-B00353,,,,
21843,7,SD-B00354,,,,
21844,7,SD-B00356,,,,
21845,7,SD-B00357,,,,
21846,7,SD-B00358,,,,
21847,7,SD-B00359,,,,
21848,7,SD-B00360,,,,
21849,7,SD-B00361,,,,
21850,7,SD-B00362,,,,
21851,7,SD-B00363,,,,
21852,7,SD-B00364,,,,
21853,7,SD-B00366,,,,
21854,7,SD-B00367,,,,
21855,7,SD-B00368,,,,
21856,7,SD-B00369,,,,
21857,7,SD-B00370,,,,
21858,7,SD-B00372,,,,
21859,7,SD-B00373,,,,
21860,7,SD-B00374,,,,
21861,7,SD-B00375,,,,
21862,7,SD-B00377,,,,
21863,7,SD-B00378,,,,
21864,7,SD-B00379,,,,
21865,7,SD-B00380,,,,
21866,7,SD-B00382,,,,
21867,7,SD-B00383,,,,
21868,7,SD-B00385,,,,
21869,7,SD-B00387,,,,
21870,7,SD-B00388,,,,
21871,7,SD-B00389,,,,
21872,7,SD-B00390,,,,
21873,7,SD-B00391,,,,
21874,7,SD-B00392,,,,
21875,7,SD-B00393,,,,
21876,7,SD-B00394,,,,
21877,7,SD-B00395,,,,
21878,7,SD-B00397,,,,
21879,7,SD-B00398,,,,
21880,7,SD-B00399,,,,
21881,7,SD-B00400,,,,
21882,7,SD-B00401,,,,
21883,7,SD-B00402,,,,
21884,7,SD-B00403,,,,
21885,7,SD-B00404,,,,
21886,7,SD-B00407,,,,
21887,7,SD-B00408,,,,
21888,7,SD-B00409,,,,
21889,7,SD-B00410,,,,
21890,7,SD-B00413,,,,
21891,7,SD-B00415,,,,
21892,7,SD-B00416,,,,
21893,7,SD-B00418,,,,
21894,7,SD-B00419,,,,
21895,7,SD-B00420,,,,
21896,7,SD-B00421,,,,
21897,7,SD-B00422,,,,
21898,7,SD-B00423,,,,
21899,7,SD-B00424,,,,
21900,7,SD-B00425,,,,
21901,7,SD-B00426,,,,
21902,7,SD-B00427,,,,
21903,7,SD-B00429,,,,
92811,7,MS15006001_POS,,,,
92812,7,MS15006002_POS,,,,
92813,7,MS15006003_POS,,,,
92814,7,MS15006004_POS,,,,
92815,7,MS15006005_POS,,,,
92816,7,MS15006007_POS,,,,
92817,7,MS15006008_POS,,,,
92818,7,MS15006009_POS,,,,
92819,7,MS15006010_POS,,,,
92820,7,MS15006011_POS,,,,
92821,7,MS15006012_POS,,,,
92822,7,MS15006013_POS,,,,
92823,7,MS15006014_POS,,,,
92824,7,MS15006016,,,,
92825,7,MS15006017,,,,
92826,7,MS15006018,,,,
92827,7,MS15006020,,,,
92828,7,MS15006021,,,,
92829,7,MS15006023,,,,
92830,7,MS15006024,,,,
92831,7,MS15006025,,,,
92832,7,MS15006026,,,,
92833,7,MS15006028,,,,
92834,7,MS15006029,,,,
92835,7,MS15006030,,,,
92836,7,MS15006031_POS,,,,
92837,7,MS15006033_POS,,,,
92838,7,MS15006034_POS,,,,
92839,7,MS15006035_POS,,,,
92840,7,MS15006037_POS,,,,
92841,7,MS15006038_POS,,,,
92842,7,MS15006039_POS,,,,
92843,7,MS15006040_POS,,,,
92844,7,MS15006041_POS,,,,
92845,7,MS15006042_POS,,,,
92846,7,MS15006043_POS,,,,
92847,7,MS15006045_POS,,,,
92848,7,MS15006049,,,,
92849,7,MS15006051,,,,
92850,7,MS15006053,,,,
92851,7,MS15006054,,,,
92852,7,MS15006055,,,,
92853,7,MS15006056,,,,
92854,7,MS15006057,,,,
92855,7,MS15006058,,,,
92856,7,MS15006076,,,,
92857,7,MS15006077,,,,
92858,7,MS15006078,,,,
92859,7,MS15006079,,,,
92860,7,MS15006080,,,,
92861,7,MS15006081,,,,
92862,7,MS15006082,,,,
92863,7,MS15006083,,,,
92864,7,MS15006084,,,,
92865,7,MS15006085,,,,
92866,7,MS15006086,,,,
92867,7,MS15006087,,,,
92868,7,MS15006088,,,,
92869,7,MS15006089,,,,
92870,7,MS15006090,,,,
92871,7,MS15006091_POS,,,,
92872,7,MS15006092_POS,,,,
92873,7,MS15006093_POS,,,,
92874,7,MS15006094_POS,,,,
92875,7,MS15006095_POS,,,,
92876,7,MS15006096_POS,,,,
92877,7,MS15006097_POS,,,,
92878,7,MS15006098_POS,,,,
92879,7,MS15006099_POS,,,,
92880,7,MS15006100_POS,,,,
92881,7,MS15006101_POS,,,,
92882,7,MS15006102_POS,,,,
92883,7,MS15006103_POS,,,,
92884,7,MS15006104_POS,,,,
92885,7,MS15006105_POS,,,,
92886,7,MS15006106,,,,
92887,7,MS15006107,,,,
92888,7,MS15006108,,,,
92889,7,MS15006109,,,,
92890,7,MS15006110,,,,
92891,7,MS15006111,,,,
92892,7,MS15006112,,,,
92893,7,MS15006113,,,,
92894,7,MS15006114,,,,
92895,7,MS15006115,,,,
92896,7,MS15006116,,,,
92897,7,MS15006117,,,,
92898,7,MS15006118,,,,
92899,7,MS15006119,,,,
92900,7,MS15006120,,,,
109186,1393,SingleOrg-Mock,,,,
109187,1128858,MultiOrg-Mock,,,,
110065,50490,SDF01-1-B,,,,
110066,50490,SDF02-1-B,,,,
110067,50490,SDF03-1-B,,,,
110068,50490,SDF04-1-B,,,,
110069,50490,SDF05-1-B,,,,
110070,50490,SDF06-1-B,,,,
110071,50490,SDF07-1-B,,,,
110072,50490,SDF08-1-B,,,,
110073,50490,SDF09-1-B,,,,
110074,50490,SDF10-1-B,,,,
110075,50490,SDF11-1-B,,,,
110076,50490,SDF12-1-B,,,,
110077,50490,SDF13-1-B,,,,
110078,50490,SDF14-1-B,,,,
110079,50490,SDF15-1-B,,,,
110080,50490,SDF18-1-B,,,,
110081,50490,SDF19-1-B,,,,
110082,50490,SDF20-1-B,,,,
110083,50490,SDF23-1-B,,,,
110084,50490,SDF24-1-B,,,,
110085,50490,SDF25-1-B,,,,
110086,50490,SDF26-1-B,,,,
110087,50490,SDF27-1-B,,,,
110088,50490,SDF28-1-B,,,,
110089,50490,SDF29-1-B,,,,
110090,50490,SDF30-1-B,,,,
110091,50490,SDF31-1-B,,,,
110092,50490,SDF32-1-B,,,,
110093,50490,SDF33-1-B,,,,
110094,50490,SDF34-1-B,,,,
110095,50490,SDF35-1-B,,,,
110096,50490,SDF36-1-B,,,,
110097,50490,SDF37-1-B,,,,
110098,50490,SDF38-1-B,,,,
110099,50490,SDF40-1-B,,,,
110100,50490,SDF41-1-B,,,,
110101,50490,SDF42-1-B,,,,
110102,50490,SDF45-1-B,,,,
110103,50490,SDF46-1-B,,,,
110104,50490,SDF48-1-B,,,,
110105,50490,SDF49-1-B,,,,
110106,50490,SDF50-1-B,,,,
110107,50490,SDF51-1-B,,,,
110108,50490,SDF52-1-B,,,,
110109,50490,SDF53-1-B,,,,
110110,50490,SDF54-1-B,,,,
110111,50490,SDF56-1-B,,,,
110112,50490,SDF57-1-B,,,,
110113,50490,SDF59-1-B,,,,
110114,50490,SDF60-1-B,,,,
110115,50490,SDF62-1-B,,,,
110116,50490,SDF63-1-B,,,,
110117,50490,SDF64-1-B,,,,
110118,50490,SDF01-2-B,,,,
110119,50490,SDF02-2-B,,,,
110120,50490,SDF03-2-B,,,,
110121,50490,SDF04-2-B,,,,
110122,50490,SDF05-2-B,,,,
110123,50490,SDF06-2-B,,,,
110124,50490,SDF08-2-B,,,,
110125,50490,SDF09-2-B,,,,
110126,50490,SDF10-2-B,,,,
110127,50490,SDF11-2-B,,,,
110128,50490,SDF12-2-B,,,,
110129,50490,SDF13-2-B,,,,
110130,50490,SDF14-2-B,,,,
110131,50490,SDF17-2-B,,,,
110132,50490,SDF18-2-B,,,,
110133,50490,SDF20-2-B,,,,
110134,50490,SDF24-2-B,,,,
110135,50490,SDF25-2-B,,,,
110136,50490,SDF26-2-B,,,,
110137,50490,SDF27-2-B,,,,
110138,50490,SDF28-2-B,,,,
110139,50490,SDF29-2-B,,,,
110140,50490,SDF30-2-B,,,,
110141,50490,SDF31-2-B,,,,
110142,50490,SDF32-2-B,,,,
110143,50490,SDF33-2-B,,,,
110144,50490,SDF34-2-B,,,,
110145,50490,SDF35-2-B,,,,
110146,50490,SDF36-2-B,,,,
110147,50490,SDF38-2-B,,,,
110148,50490,SDF40-2-B,,,,
110149,50490,SDF41-2-B,,,,
110150,50490,SDF43-2-B,,,,
110151,50490,SDF44-2-B,,,,
110152,50490,SDF47-2-B,,,,
110153,50490,SDF48-2-B,,,,
110154,50490,SDF50-2-B,,,,
110155,50490,SDF52-2-B,,,,
110156,50490,SDF53-2-B,,,,
110157,50490,SDF54-2-B,,,,
110158,50490,SDF55-2-B,,,,
110159,50490,SDF57-2-B,,,,
110160,50490,SDF58-2-B,,,,
110161,50490,SDF63-2-B,,,,
110162,50490,SDF64-2-B,,,,
110163,50490,SDF01-3-B,,,,
110164,50490,SDF04-3-B,,,,
110165,50490,SDF11-3-B,,,,
110166,50490,SDF12-3-B,,,,
110167,50490,SDF13-3-B,,,,
110168,50490,SDF16-3-B,,,,
110169,50490,SDF17-3-B,,,,
110170,50490,SDF18-3-B,,,,
110171,50490,SDF19-3-B,,,,
110172,50490,SDF20-3-B,,,,
110173,50490,SDF21-3-B,,,,
110174,50490,SDF24-3-B,,,,
110175,50490,SDF25-3-B,,,,
110176,50490,SDF26-3-B,,,,
110177,50490,SDF27-3-B,,,,
110178,50490,SDF28-3-B,,,,
110179,50490,SDF32-3-B,,,,
110180,50490,SDF33-3-B,,,,
110181,50490,SDF35-3-B,,,,
110182,50490,SDF38-3-B,,,,
110183,50490,SDF41-3-B,,,,
110184,50490,SDF44-3-B,,,,
110185,50490,SDF46-3-B,,,,
110186,50490,SDF50-3-B,,,,
110187,50490,SDF51-3-B,,,,
110188,50490,SDF52-3-B,,,,
110189,50490,SDF53-3-B,,,,
110190,50490,SDF62-3-B,,,,
110191,1129356,SDF01-1-T,,,,
110192,1129356,SDF02-1-T,,,,
110193,1129356,SDF03-1-T,,,,
110194,1129356,SDF04-1-T,,,,
110195,1129356,SDF05-1-T,,,,
110196,1129356,SDF06-1-T,,,,
110197,1129356,SDF07-1-T,,,,
110198,1129356,SDF08-1-T,,,,
110199,1129356,SDF09-1-T,,,,
110200,1129356,SDF10-1-T,,,,
110201,1129356,SDF11-1-T,,,,
110202,1129356,SDF12-1-T,,,,
110203,1129356,SDF14-1-T,,,,
110204,1129356,SDF16-1-T,,,,
110205,1129356,SDF17-1-T,,,,
110206,1129356,SDF18-1-T,,,,
110207,1129356,SDF20-1-T,,,,
110208,1129356,SDF21-1-T,,,,
110209,1129356,SDF22-1-T,,,,
110210,1129356,SDF23-1-T,,,,
110211,1129356,SDF24-1-T,,,,
110212,1129356,SDF25-1-T,,,,
110213,1129356,SDF26-1-T,,,,
110214,1129356,SDF27-1-T,,,,
110215,1129356,SDF28-1-T,,,,
110216,1129356,SDF29-1-T,,,,
110217,1129356,SDF30-1-T,,,,
110218,1129356,SDF31-1-T,,,,
110219,1129356,SDF32-1-T,,,,
110220,1129356,SDF33-1-T,,,,
110221,1129356,SDF34-1-T,,,,
110222,1129356,SDF35-1-T,,,,
110223,1129356,SDF36-1-T,,,,
110224,1129356,SDF37-1-T,,,,
110225,1129356,SDF38-1-T,,,,
110226,1129356,SDF39-1-T,,,,
110227,1129356,SDF40-1-T,,,,
110228,1129356,SDF41-1-T,,,,
110229,1129356,SDF42-1-T,,,,
110230,1129356,SDF45-1-T,,,,
110231,1129356,SDF48-1-T,,,,
110232,1129356,SDF50-1-T,,,,
110233,1129356,SDF51-1-T,,,,
110234,1129356,SDF52-1-T,,,,
110235,1129356,SDF53-1-T,,,,
110236,1129356,SDF55-1-T,,,,
110237,1129356,SDF56-1-T,,,,
110238,1129356,SDF59-1-T,,,,
110239,1129356,SDF60-1-T,,,,
110240,1129356,SDF63-1-T,,,,
110241,1129356,SDF64-1-T,,,,
110242,1129356,SDF01-2-T,,,,
110243,1129356,SDF02-2-T,,,,
110244,1129356,SDF03-2-T,,,,
110245,1129356,SDF04-2-T,,,,
110246,1129356,SDF05-2-T,,,,
110247,1129356,SDF06-2-T,,,,
110248,1129356,SDF07-2-T,,,,
110249,1129356,SDF08-2-T,,,,
110250,1129356,SDF09-2-T,,,,
110251,1129356,SDF11-2-T,,,,
110252,1129356,SDF12-2-T,,,,
110253,1129356,SDF17-2-T,,,,
110254,1129356,SDF20-2-T,,,,
110255,1129356,SDF21-2-T,,,,
110256,1129356,SDF22-2-T,,,,
110257,1129356,SDF24-2-T,,,,
110258,1129356,SDF25-2-T,,,,
110259,1129356,SDF27-2-T,,,,
110260,1129356,SDF28-2-T,,,,
110261,1129356,SDF31-2-T,,,,
110262,1129356,SDF32-2-T,,,,
110263,1129356,SDF33-2-T,,,,
110264,1129356,SDF34-2-T,,,,
110265,1129356,SDF35-2-T,,,,
110266,1129356,SDF36-2-T,,,,
110267,1129356,SDF37-2-T,,,,
110268,1129356,SDF38-2-T,,,,
110269,1129356,SDF40-2-T,,,,
110270,1129356,SDF41-2-T,,,,
110271,1129356,SDF42-2-T,,,,
110272,1129356,SDF44-2-T,,,,
110273,1129356,SDF45-2-T,,,,
110274,1129356,SDF46-2-T,,,,
110275,1129356,SDF48-2-T,,,,
110276,1129356,SDF50-2-T,,,,
110277,1129356,SDF52-2-T,,,,
110278,1129356,SDF55-2-T,,,,
110279,1129356,SDF56-2-T,,,,
110280,1129356,SDF58-2-T,,,,
110281,1129356,SDF59-2-T,,,,
110282,1129356,SDF60-2-T,,,,
110283,1129356,SDF01-3-T,,,,
110284,1129356,SDF03-3-T,,,,
110285,1129356,SDF04-3-T,,,,
110286,1129356,SDF06-3-T,,,,
110287,1129356,SDF07-3-T,,,,
110288,1129356,SDF17-3-T,,,,
110289,1129356,SDF18-3-T,,,,
110290,1129356,SDF20-3-T,,,,
110291,1129356,SDF21-3-T,,,,
110292,1129356,SDF24-3-T,,,,
110293,1129356,SDF25-3-T,,,,
110294,1129356,SDF26-3-T,,,,
110295,1129356,SDF27-3-T,,,,
110296,1129356,SDF28-3-T,,,,
110297,1129356,SDF32-3-T,,,,
110298,1129356,SDF37-3-T,,,,
110299,1129356,SDF38-3-T,,,,
110300,1129356,SDF42-3-T,,,,
110301,1129356,SDF47-3-T,,,,
110302,1129356,SDF50-3-T,,,,
110303,1129356,SDF51-3-T,,,,
110304,1129356,SDF52-3-T,,,,
110305,1129356,SDF56-3-T,,,,
110306,1129356,SDF60-3-T,,,,
110436,1129357,JYL-10,,,,
110437,1129358,LRE1_,,,,
110438,1129359,LRE19_,,,,
110439,5294,LRA2,,,,
110440,5284,LRA4,,,,
110441,1129360,LRE12,,,,
110442,1129361,FI11,,,,
110443,5727,Hololena1_,,,,
110444,1129359,JAE43,,,,
110445,130473,JAE49,,,,
110446,1129362,1-7E,,,,
110447,1129362,1-8E,,,,
110448,1129362,1-9C,,,,
110449,12816,FT9,,,,
110450,1129363,FT8,,,,
110451,1129364,Badumna,,,,
110452,1129365,FT10,,,,
110453,152523,LRE7,,,,
110454,51846,LRE9,,,,
110455,1129366,LRE11,,,,
110456,1129367,2-1G,,,,
110457,1129367,2-1H,,,,
110458,1129367,2-3H,,,,
110459,1129367,2-4H,,,,
110460,68754,LRE26,,,,
110461,153636,2-11H,,,,
110462,153636,2-7H,,,,
110463,153636,3-4A,,,,
110464,153636,3-6A,,,,
110465,1129368,JAE44,,,,
110466,1129368,LRE4,,,,
110467,15240,LRE5,,,,
110468,11552,1-10C,,,,
110469,11552,1-10E,,,,
110470,11552,1-10F,,,,
110471,11552,1-10G,,,,
110472,11552,1-10H,,,,
110473,138974,1-11B,,,,
110474,138974,1-11C,,,,
110475,138974,1-11F,,,,
110476,138974,1-11H,,,,
110477,138974,1-12C,,,,
110478,138976,1-2D,,,,
110479,138976,1-2G,,,,
110480,138976,1-2H,,,,
110481,1129369,1-4E,,,,
110482,1129369,1-4G,,,,
110483,17583,1-7F,,,,
110484,17583,1-7H,,,,
110485,17583,1-8A,,,,
110486,17583,1-8C,,,,
110487,17583,1-8F,,,,
110488,138977,2-11E,,,,
110489,138982,2-12B,,,,
110490,138982,2-12C,,,,
110491,138982,2-12G,,,,
110492,138977,2-6F,,,,
110493,138977,2-7A,,,,
110494,138977,2-7B,,,,
110495,11552,2-7E,,,,
110496,11552,2-9B,,,,
110497,11552,2-9H,,,,
110498,11552,3-1G,,,,
110499,138980,3-4H,,,,
110500,11552,3-7E,,,,
110501,11552,3-8E,,,,
110502,138975,4-11F,,,,
110503,138975,4-12F,,,,
110504,1129370,4-1H,,,,
110505,138975,4-3G,,,,
110506,11552,4-5C,,,,
110507,138975,4-5F,,,,
110508,11552,4-7E,,,,
110509,1129370,4-7H,,,,
110510,11552,4-8A,,,,
110511,138980,4-8G,,,,
110512,11552,4-9A,,,,
110513,1129371,4-9G,,,,
110514,1129371,4-9H,,,,
110515,1129372,LRE2,,,,
110516,11552,LRE3,,,,
110517,86715,3-1C,,,,
110518,1129373,JAE47,,,,
110519,1129374,LRE16,,,,
110520,1129375,1-10G,,,,
110521,1129375,1-12G,,,,
110522,1129375,2-3A,,,,
110523,1129376,Op1,,,,
110524,15742,CEP1,,,,
110525,18715,FI13,,,,
110526,103267,FI15,,,,
110527,5788,JAE51,,,,
110528,1129377,LRE14,,,,
110529,30481,JAE32,,,,
110530,43172,JAE33,,,,
110531,1129378,JAE27,,,,
110532,70237,FT5,,,,
110533,6116,JAE23,,,,
110534,70168,JAE14,,,,
110535,38027,Plodia_,,,,
110536,55933,JAE6,,,,
110537,1129379,FT7,,,,
110538,1129380,M38,,,,
110539,1129381,JAE24,,,,
110540,1129382,JAE10,,,,
110541,1129357,UC2052810,,,,
110542,97759,UC2052811,,,,
110543,1129357,UC2052812,,,,
110544,1129383,UC2052817,,,,
110545,1129357,UC2052818,,,,
110546,1129357,UC2052819,,,,
110547,1129357,UC2052821,,,,
110548,3818,FI7,,,,
110549,1129384,JAE12,,,,
110550,1129385,JAEPS1,,,,
110551,1129385,JAEPS2,,,,
110552,1129385,JAEPS3,,,,
110553,1129385,JAEPS4,,,,
110554,1129386,Solanaceae,,,,
110555,1129387,Culicida,,,,
110556,98246,Methona,,,,
110557,15815,Heliconius,,,,
110558,1129388,eggs,,,,
110559,5805,Grasshopper,,,,
110560,3334,Manihot,,,,
114249,10,FFA_AA_10,,,,
114250,10,FFA_AA_11,,,,
114251,10,FFA_AA_12,,,,
114252,10,FFA_BSA_1,,,,
114253,10,FFA_BSA_2,,,,
114254,10,FFA_BSA_3,,,,
114255,10,FFA_LA_7,,,,
114256,10,FFA_LA_8,,,,
114257,10,FFA_LA_9,,,,
114258,10,FFA_PA_4,,,,
114259,10,FFA_PA_5,,,,
114260,10,FFA_PA_6,,,,
114261,10,FLUIDITY_CON_1,,,,
114262,10,FLUIDITY_CON_2,,,,
114263,10,FLUIDITY_CON_3,,,,
114264,10,FLUIDITY_AA_4,,,,
114265,10,FLUIDITY_AA_5,,,,
114266,10,FLUIDITY_AA_6,,,,
119627,7,Subject_1,,,,
119628,7,Subject_2,,,,
119629,7,Subject_3,,,,
119630,7,Subject_4,,,,
119631,7,Subject_5,,,,
119632,7,Subject_6,,,,
119633,7,Subject_7,,,,
119634,7,Subject_8,,,,
119635,7,Subject_9,,,,
119636,7,Subject_10,,,,
119637,7,Subject_11,,,,
119638,7,Subject_12,,,,
119639,7,Subject_13,,,,
119640,7,Subject_14,,,,
119641,7,Subject_15,,,,
119642,7,Subject_16,,,,
119643,7,Subject_17,,,,
119644,7,Subject_18,,,,
119645,7,Subject_19,,,,
119646,7,Subject_20,,,,
119647,7,Subject_21,,,,
119648,7,Subject_22,,,,
119649,7,Subject_23,,,,
119650,7,Subject_24,,,,
119651,7,Subject_25,,,,
119652,7,Subject_26,,,,
119653,7,Subject_27,,,,
119654,7,Subject_28,,,,
119655,7,Subject_29,,,,
119656,7,Subject_30,,,,
119663,3089,SAMN11619494,,,,
119664,3089,SAMN11619493,,,,
119929,1129768,AD_AR,,,,
119930,1129769,DG_1D_GO,,,,
119931,1129769,DG_2D_LI,,,,
119932,1129769,DG_3D_BR,,,,
119933,1129769,DG_2B_LI,,,,
119934,1129770,OB_1E_GO,,,,
119935,1129770,OB_2E_LI,,,,
119936,1129770,OB_3E_BR,,,,
119937,16769,SO_8B_LI,,,,
119938,16769,SO_9B_BR,,,,
120049,8168,HFD.33604.CP_125,,,,
120050,8168,HFD.33604.55281,,,,
120051,8168,HFD.33604.55280,,,,
120052,8168,HFD.33604.55276,,,,
120053,8168,HFD.33604.55275,,,,
120054,8168,HFD.33604.55274,,,,
120055,8168,HFD.33604.55273,,,,
120056,8168,HFD.33604.55272,,,,
120057,8168,HFD.33604.55271,,,,
120058,8168,HFD.33604.55270,,,,
120059,8168,HFD.33604.55269,,,,
120060,8168,HFD.33604.55268,,,,
120061,8168,HFD.33604.55267,,,,
120062,8168,HFD.33604.55266,,,,
120063,8168,HFD.33604.55265,,,,
120064,8168,HFD.33604.55263,,,,
120065,8168,HFD.33604.55262,,,,
120066,8168,HFD.33604.55261,,,,
120067,8168,HFD.33604.55260,,,,
120068,8168,HFD.33604.55259,,,,
120069,8168,HFD.33604.55258,,,,
120070,8168,HFD.33604.55257,,,,
120071,8168,HFD.33604.55256,,,,
120072,8168,HFD.33604.55255,,,,
120073,8168,HFD.33604.55254,,,,
120074,8168,HFD.33604.55253,,,,
120075,8168,HFD.33604.55252,,,,
120076,8168,HFD.33604.55251,,,,
120077,8168,HFD.33604.55250,,,,
120078,8168,HFD.33604.55249,,,,
120079,8168,HFD.33604.55248,,,,
120080,8168,HFD.33604.55247,,,,
120081,8168,HFD.33604.55246,,,,
120082,8168,HFD.33604.55245,,,,
120083,8168,HFD.33604.55244,,,,
120084,8168,HFD.33604.55243,,,,
120085,8168,HFD.33604.55242,,,,
120086,8168,HFD.33604.55241,,,,
120087,8168,HFD.33604.55240,,,,
120088,8168,HFD.33604.55239,,,,
120089,8168,HFD.33604.55238,,,,
120090,8168,HFD.33604.55237,,,,
120091,8168,HFD.33604.55236,,,,
120092,8168,HFD.33604.55235,,,,
120093,8168,HFD.33604.55234,,,,
120094,8168,HFD.33604.55233,,,,
120095,8168,HFD.33604.55232,,,,
120096,8168,HFD.33604.55231,,,,
120097,8168,HFD.33604.55230,,,,
120098,8168,HFD.33604.55229,,,,
120099,8168,HFD.33604.55228,,,,
120100,8168,HFD.33604.55227,,,,
120101,8168,HFD.33604.55226,,,,
120102,8168,HFD.33604.55225,,,,
120103,8168,HFD.33604.55224,,,,
120104,8168,HFD.33604.55223,,,,
120105,8168,HFD.33604.55222,,,,
120106,8168,HFD.33604.55221,,,,
120107,8168,HFD.33604.55220,,,,
120108,8168,HFD.33604.55219,,,,
120109,8168,HFD.33604.55218,,,,
120110,8168,HFD.33604.55217,,,,
120111,8168,HFD.33604.55216,,,,
120112,8168,HFD.33604.55215,,,,
120113,8168,HFD.33604.55214,,,,
120114,8168,HFD.33604.55213,,,,
120115,8168,HFD.33604.55212,,,,
120116,8168,HFD.33604.55211,,,,
120117,8168,HFD.33604.55210,,,,
120118,8168,HFD.33604.55209,,,,
120119,8168,HFD.33604.55208,,,,
120120,8168,HFD.33604.55207,,,,
120121,8168,HFD.33604.55206,,,,
120122,8168,HFD.33604.55205,,,,
120123,8168,HFD.33604.55204,,,,
120124,8168,HFD.33604.55195,,,,
120125,8168,HFD.33604.55194,,,,
120126,8168,HFD.33604.54523,,,,
120127,8168,HFD.33604.54522,,,,
120128,8168,HFD.33604.54520,,,,
120129,8168,HFD.33604.54518,,,,
120130,8168,HFD.33604.54517,,,,
120131,8168,HFD.33604.54516,,,,
120132,8168,HFD.33604.54515,,,,
120133,8168,HFD.33604.54514,,,,
120134,8168,HFD.33604.54513,,,,
120135,8168,HFD.33604.54512,,,,
120136,8168,HFD.33604.54511,,,,
120137,8168,HFD.33604.54510,,,,
120138,8168,HFD.33604.54509,,,,
120139,8168,HFD.33604.54507,,,,
120140,8168,HFD.33604.54506,,,,
120141,8168,HFD.33604.54502,,,,
120142,8168,HFD.33604.IN,,,,
120143,8168,HFD.33604.HP,,,,
120144,8168,HFD.33604.GP,,,,
120145,8168,HFD.33604.FM,,,,
120146,8168,HFD.33604.EM,,,,
120147,8168,HFD.33604.DM,,,,
120148,8168,HFD.33604.CP,,,,
120149,8168,HFD.33604.BP,,,,
120150,8168,HFD.33604.AP,,,,
120151,8168,LJA143,,,,
120152,8168,LJA166,,,,
120153,8168,LJA158,,,,
120154,8168,LJA 291,,,,
120155,8168,LJA 283,,,,
120156,8168,LJA 274,,,,
120157,8168,LJA 222-LJA168,,,,
120158,8168,LJA157,,,,
120159,8168,LJA 290,,,,
120160,8168,LJA 282,,,,
120161,8168,LJA 273,,,,
120162,8168,LJA96,,,,
120163,8168,LJA167,,,,
120164,8168,LJA156,,,,
120165,8168,LJA 289,,,,
120166,8168,LJA 281,,,,
120167,8168,LJA 272,,,,
120168,8168,LJA81,,,,
120169,8168,LJA163,,,,
120170,8168,LJA 296,,,,
120171,8168,LJA 288,,,,
120172,8168,LJA280,,,,
120173,8168,LJA 271,,,,
120174,8168,LJA48,,,,
120175,8168,LJA162,,,,
120176,8168,LJA 295,,,,
120177,8168,LJA 287,,,,
120178,8168,LJA 279,,,,
120179,8168,LJA 270,,,,
120180,8168,LJA38,,,,
120181,8168,LJA 294-LJA161,,,,
120182,8168,LJA 286,,,,
120183,8168,LJA278,,,,
120184,8168,LJA 268,,,,
120185,8168,LJA32,,,,
120186,8168,LJA 293-LJA160,,,,
120187,8168,LJA 285,,,,
120188,8168,LJA 277,,,,
120189,8168,LJA 267a,,,,
120190,8168,LJA28,,,,
120191,8168,LJA292a-LJA159,,,,
120192,8168,LJA 284,,,,
120193,8168,LJA 276,,,,
120194,8168,LJA 266,,,,
120195,8168,LJA 265,,,,
120196,8168,LJA 257,,,,
120197,8168,LJA 249,,,,
120198,8168,LJA 236,,,,
120199,8168,LJA 224,,,,
120200,8168,LJA 207,,,,
120201,8168,LJA 264,,,,
120202,8168,LJA 256,,,,
120203,8168,LJA 248,,,,
120204,8168,LJA 235,,,,
120205,8168,LJA 220,,,,
120206,8168,LJA 206,,,,
120207,8168,LJA 263,,,,
120208,8168,LJA255,,,,
120209,8168,LJA 244,,,,
120210,8168,LJA 234b,,,,
120211,8168,LJA 219,,,,
120212,8168,LJA 205,,,,
120213,8168,LJA 262,,,,
120214,8168,LJA 254,,,,
120215,8168,LJA 243,,,,
120216,8168,LJA 233,,,,
120217,8168,LJA 218,,,,
120218,8168,LJA 204b,,,,
120219,8168,LJA 261,,,,
120220,8168,LJA 253,,,,
120221,8168,LJA241,,,,
120222,8168,LJA232a,,,,
120223,8168,LJA 217,,,,
120224,8168,LJA 204a,,,,
120225,8168,LJA 260,,,,
120226,8168,LJA 252a,,,,
120227,8168,LJA 240,,,,
120228,8168,LJA 230,,,,
120229,8168,LJA 215,,,,
120230,8168,LJA 203,,,,
120231,8168,LJA 259,,,,
120232,8168,LJA 251,,,,
120233,8168,LJA 239,,,,
120234,8168,LJA 229,,,,
120235,8168,LJA 212,,,,
120236,8168,LJA 202,,,,
120237,8168,LJA 258,,,,
120238,8168,LJA 250a,,,,
120239,8168,LJA 237,,,,
120240,8168,LJA 228,,,,
120241,8168,LJA 209a,,,,
120242,8168,LJA 201,,,,
120243,8168,70753,,,,
120244,8168,70755,,,,
120245,8168,61355,,,,
120246,8168,LJA 283,,,,
120247,8168,LJA 274,,,,
120248,8168,LJA 282,,,,
120249,8168,LJA167,,,,
120250,8168,LJA280,,,,
120251,8168,LJA 286,,,,
120252,8168,LJA 285,,,,
120253,8168,LJA 257,,,,
120254,8168,LJA 236,,,,
120255,8168,LJA 264,,,,
120256,8168,LJA 235,,,,
120257,8168,LJA 220,,,,
120258,8168,LJA 263,,,,
120259,8168,LJA 234b,,,,
120260,8168,LJA 205,,,,
120261,8168,LJA 218,,,,
120262,8168,LJA232a,,,,
120263,8168,LJA 240,,,,
120264,8168,LJA 237,,,,
120265,8168,Y10ST0126-W2-Milk-RNA,,,,
120266,8168,Y10ST0079-W2-Milk-RNA,,,,
120267,8168,Y09ST0083-W2-Milk-RNA,,,,
120268,8168,Y09ST0037-W2-Milk-RNA,,,,
120269,8168,Y09ST0018-W2-Milk-RNA,,,,
120270,8168,Y06BO0004-W2-Milk-RNA,,,,
120271,8168,914009269-W-Milk-RNA,,,,
120272,8168,812027767-W-Milk-RNA,,,,
120273,8168,812007775-W-Milk-RNA,,,,
120274,8168,214016563-W2-Milk-RNA,,,,
120275,8168,214016489-W2-Milk-RNA,,,,
120276,8168,213012904-W2-Milk-RNA,,,,
120277,8168,213012898-W2-Milk-RNA,,,,
120278,8168,213012889-W2-Milk-RNA,,,,
120279,8168,211012561-W2-Milk-RNA,,,,
120280,8168,208000943-W2-Milk-RNA,,,,
120281,8168,208000940-W2-Milk-RNA,,,,
120282,8168,Y10ST0125-W2-Milk-RNA,,,,
120283,8168,Y10ST0065-W2-Milk-RNA,,,,
120284,8168,Y10ST0036-W2-Milk-RNA,,,,
120285,8168,914004168-W-Milk-RNA,,,,
120286,8168,214016518-W2-Milk-RNA,,,,
120287,8168,214016493-W2-Milk-RNA,,,,
120288,8168,213012827-W2-Milk-RNA,,,,
120289,8168,213012816-W2-Milk-RNA,,,,
120290,8168,213012766-W2-Milk-RNA,,,,
120291,8168,211012537-W2-Milk-RNA,,,,
120292,8168,208013840-W-Milk-RNA,,,,
120293,8168,208001021-W2-Milk-RNA,,,,
120294,8168,207016597-W2-Milk-RNA,,,,
120295,8168,Y10ST0132-W2-Blood-RNA,,,,
120296,8168,Y10ST0082-W2-Blood-RNA,,,,
120297,8168,Y10ST0078-W2-Blood-RNA,,,,
120298,8168,Y09ST0100-W2-Blood-RNA,,,,
120299,8168,Y09ST0083-W2-Blood-RNA,,,,
120300,8168,Y09ST0076-W2-Blood-RNA,,,,
120301,8168,Y06BO0004-W2-Blood-RNA,,,,
120302,8168,Y04BO0166-W2-Blood-RNA,,,,
120303,8168,214016570-W2-Blood-RNA,,,,
120304,8168,214016569-W2-Blood-RNA,,,,
120305,8168,214016563-W2-Blood-RNA,,,,
120306,8168,214016531-W2-Blood-RNA,,,,
120307,8168,214016526-W2-Blood-RNA,,,,
120308,8168,213012838-W2-Blood-RNA,,,,
120309,8168,213012837-W2-Blood-RNA,,,,
120310,8168,213012834-W2-Blood-RNA,,,,
120311,8168,213012816-W2-Blood-RNA,,,,
120312,8168,213012766-W2-Blood-RNA,,,,
120313,8168,210005486-W2-Blood-RNA,,,,
120314,8168,210004803-W2-Blood-RNA,,,,
120315,8168,208000985-W2-Blood-RNA,,,,
120316,8168,208000940-W2-Blood-RNA,,,,
120317,8168,Y10ST0126-W2-Blood-RNA,,,,
120318,8168,Y10ST0090-W2-Blood-RNA,,,,
120319,8168,Y10ST0086-W2-Blood-RNA,,,,
120320,8168,Y10ST0081-W2-Blood-RNA,,,,
120321,8168,Y10ST0079-W2-Blood-RNA,,,,
120322,8168,Y10ST0070-W2-Blood-RNA,,,,
120323,8168,Y10ST0065-W2-Blood-RNA,,,,
120324,8168,Y10ST0038-W2-Blood-RNA,,,,
120325,8168,Y10ST0037-W2-Blood-RNA,,,,
120326,8168,Y10ST0036-W2-Blood-RNA,,,,
120327,8168,Y09ST0128-W2-Blood-RNA,,,,
120328,8168,Y09ST0117-W2-Blood-RNA,,,,
120329,8168,Y09ST0099-W2-Blood-RNA,,,,
120330,8168,Y09ST0037-W2-Blood-RNA,,,,
120331,8168,214016555-W2-Blood-RNA,,,,
120332,8168,214016550-W2-Blood-RNA,,,,
120333,8168,214016548-W2-Blood-RNA,,,,
120334,8168,214016543-W2-Blood-RNA,,,,
120335,8168,214016540-W2-Blood-RNA,,,,
120336,8168,214016533-W2-Blood-RNA,,,,
120337,8168,214016522-W2-Blood-RNA,,,,
120338,8168,214016508-W2-Blood-RNA,,,,
120339,8168,214016494-W2-Blood-RNA,,,,
120340,8168,214016489-W2-Blood-RNA,,,,
120341,8168,213012919-W2-Blood-RNA,,,,
120342,8168,213012898-W2-Blood-RNA,,,,
120343,8168,213012893-W2-Blood-RNA,,,,
120344,8168,213012871-W2-Blood-RNA,,,,
120345,8168,213012869-W2-Blood-RNA,,,,
120346,8168,213012845-W2-Blood-RNA,,,,
120347,8168,213012832-W2-Blood-RNA,,,,
120348,8168,213012829-W2-Blood-RNA,,,,
120349,8168,213012826-W2-Blood-RNA,,,,
120350,8168,213012825-W2-Blood-RNA,,,,
120351,8168,213012818-W2-Blood-RNA,,,,
120352,8168,211012561-W2-Blood-RNA,,,,
120353,8168,211012557-W2-Blood-RNA,,,,
120354,8168,211012549-W2-Blood-RNA,,,,
120355,8168,211012538-W2-Blood-RNA,,,,
120356,8168,210004818-W2-Blood-RNA,,,,
120357,8168,210004816-W2-Blood-RNA,,,,
120358,8168,210004789-W2-Blood-RNA,,,,
120359,8168,210004788-W2-Blood-RNA,,,,
120360,8168,209021318-W2-Blood-RNA,,,,
120361,8168,208000916-W2-Blood-RNA,,,,
120362,8168,Y10ST0136-W2-Blood-RNA,,,,
120363,8168,Y10ST0125-W2-Blood-RNA,,,,
120364,8168,Y10ST0113-W2-Blood-RNA,,,,
120365,8168,Y10ST0059-W2-Blood-RNA,,,,
120366,8168,Y10ST0058-W2-Blood-RNA,,,,
120367,8168,Y10ST0052-W2-Blood-RNA,,,,
120368,8168,Y10ST0047-W2-Blood-RNA,,,,
120369,8168,Y10ST0044-W2-Blood-RNA,,,,
120370,8168,Y09ST0153-W2-Blood-RNA,,,,
120371,8168,Y09ST0078-W2-Blood-RNA,,,,
120372,8168,Y09ST0062-W2-Blood-RNA,,,,
120373,8168,Y09ST0054-W2-Blood-RNA,,,,
120374,8168,Y09ST0026-W2-Blood-RNA,,,,
120375,8168,Y09ST0018-W2-Blood-RNA,,,,
120376,8168,214016546-W2-Blood-RNA,,,,
120377,8168,214016527-W2-Blood-RNA,,,,
120378,8168,214016523-W2-Blood-RNA,,,,
120379,8168,214016518-W2-Blood-RNA,,,,
120380,8168,214016509-W2-Blood-RNA,,,,
120381,8168,214016499-W2-Blood-RNA,,,,
120382,8168,214016496-W2-Blood-RNA,,,,
120383,8168,214016493-W2-Blood-RNA,,,,
120384,8168,214016492-W2-Blood-RNA,,,,
120385,8168,213012936-W2-Blood-RNA,,,,
120386,8168,213012914-W2-Blood-RNA,,,,
120387,8168,213012904-W2-Blood-RNA,,,,
120388,8168,213012901-W2-Blood-RNA,,,,
120389,8168,213012889-W2-Blood-RNA,,,,
120390,8168,213012868-W2-Blood-RNA,,,,
120391,8168,213012827-W2-Blood-RNA,,,,
120392,8168,213012796-W2-Blood-RNA,,,,
120393,8168,211012537-W2-Blood-RNA,,,,
120394,8168,210005511-W2-Blood-RNA,,,,
120395,8168,210005510-W2-Blood-RNA,,,,
120396,8168,210004824-W2-Blood-RNA,,,,
120397,8168,210004823-W2-Blood-RNA,,,,
120398,8168,210004820-W2-Blood-RNA,,,,
120399,8168,210004794-W2-Blood-RNA,,,,
120400,8168,209021321-W2-Blood-RNA,,,,
120401,8168,208001021-W2-Blood-RNA,,,,
120402,8168,208000943-W2-Blood-RNA,,,,
120403,8168,207016597-W2-Blood-RNA,,,,
120404,8168,Y10ST0113-W2-Milk-RNA,,,,
120405,8168,Y10ST0090-W2-Milk-RNA,,,,
120406,8168,Y10ST0078-W2-Milk-RNA,,,,
120407,8168,Y10ST0070-W2-Milk-RNA,,,,
120408,8168,Y10ST0059-W2-Milk-RNA,,,,
120409,8168,Y10ST0058-W2-Milk-RNA,,,,
120410,8168,Y10ST0044-W2-Milk-RNA,,,,
120411,8168,Y10ST0037-W2-Milk-RNA,,,,
120412,8168,Y09ST0153-W2-Milk-RNA,,,,
120413,8168,Y09ST0128-W2-Milk-RNA,,,,
120414,8168,Y09ST0100-W2-Milk-RNA,,,,
120415,8168,Y09ST0078-W2-Milk-RNA,,,,
120416,8168,Y09ST0076-W2-Milk-RNA,,,,
120417,8168,Y09ST0062-W2-Milk-RNA,,,,
120418,8168,Y04BO0166-W2-Milk-RNA,,,,
120419,8168,914010508-W-Milk-RNA,,,,
120420,8168,914009265-W-Milk-RNA,,,,
120421,8168,914009264-W-Milk-RNA,,,,
120422,8168,914001883-W-Milk-RNA,,,,
120423,8168,812027795-W-Milk-RNA,,,,
120424,8168,811035588-W-Milk-RNA,,,,
120425,8168,811035548-W-Milk-RNA,,,,
120426,8168,214016570-W2-Milk-RNA,,,,
120427,8168,214016555-W2-Milk-RNA,,,,
120428,8168,214016550-W2-Milk-RNA,,,,
120429,8168,214016540-W2-Milk-RNA,,,,
120430,8168,214016527-W2-Milk-RNA,,,,
120431,8168,214016522-W2-Milk-RNA,,,,
120432,8168,214016508-W2-Milk-RNA,,,,
120433,8168,214016499-W2-Milk-RNA,,,,
120434,8168,214016496-W2-Milk-RNA,,,,
120435,8168,214016492-W2-Milk-RNA,,,,
120436,8168,213012936-W2-Milk-RNA,,,,
120437,8168,213012919-W2-Milk-RNA,,,,
120438,8168,213012901-W2-Milk-RNA,,,,
120439,8168,213012871-W2-Milk-RNA,,,,
120440,8168,213012845-W2-Milk-RNA,,,,
120441,8168,213012837-W2-Milk-RNA,,,,
120442,8168,213012818-W2-Milk-RNA,,,,
120443,8168,213012796-W2-Milk-RNA,,,,
120444,8168,211012549-W2-Milk-RNA,,,,
120445,8168,210005511-W2-Milk-RNA,,,,
120446,8168,210005510-W2-Milk-RNA,,,,
120447,8168,210005486-W2-Milk-RNA,,,,
120448,8168,210004824-W2-Milk-RNA,,,,
120449,8168,210004823-W2-Milk-RNA,,,,
120450,8168,210004816-W2-Milk-RNA,,,,
120451,8168,210004803-W2-Milk-RNA,,,,
120452,8168,210004789-W2-Milk-RNA,,,,
120453,8168,208000916-W2-Milk-RNA,,,,
120454,8168,Y10ST0136-W2-Milk-RNA,,,,
120455,8168,Y10ST0132-W2-Milk-RNA,,,,
120456,8168,Y10ST0086-W2-Milk-RNA,,,,
120457,8168,Y10ST0082-W2-Milk-RNA,,,,
120458,8168,Y10ST0081-W2-Milk-RNA,,,,
120459,8168,Y10ST0052-W2-Milk-RNA,,,,
120460,8168,Y10ST0047-W2-Milk-RNA,,,,
120461,8168,Y10ST0038-W2-Milk-RNA,,,,
120462,8168,Y09ST0117-W2-Milk-RNA,,,,
120463,8168,Y09ST0099-W2-Milk-RNA,,,,
120464,8168,Y09ST0054-W2-Milk-RNA,,,,
120465,8168,Y09ST0026-W2-Milk-RNA,,,,
120466,8168,914004165-W-Milk-RNA,,,,
120467,8168,914001884-W-Milk-RNA,,,,
120468,8168,905010837-W-Milk-RNA,,,,
120469,8168,812027823-W-Milk-RNA,,,,
120470,8168,812027792-W-Milk-RNA,,,,
120471,8168,812027788-W-Milk-RNA,,,,
120472,8168,812027785-W-Milk-RNA,,,,
120473,8168,812027747-W-Milk-RNA,,,,
120474,8168,812027662-W-Milk-RNA,,,,
120475,8168,812027654-W-Milk-RNA,,,,
120476,8168,812027644-W-Milk-RNA,,,,
120477,8168,811035585-W-Milk-RNA,,,,
120478,8168,810049344-W-Milk-RNA,,,,
120479,8168,810049338-W-Milk-RNA,,,,
120480,8168,214016569-W2-Milk-RNA,,,,
120481,8168,214016548-W2-Milk-RNA,,,,
120482,8168,214016546-W2-Milk-RNA,,,,
120483,8168,214016543-W2-Milk-RNA,,,,
120484,8168,214016533-W2-Milk-RNA,,,,
120485,8168,214016531-W2-Milk-RNA,,,,
120486,8168,214016526-W2-Milk-RNA,,,,
120487,8168,214016523-W2-Milk-RNA,,,,
120488,8168,214016509-W2-Milk-RNA,,,,
120489,8168,214016494-W2-Milk-RNA,,,,
120490,8168,213012914-W2-Milk-RNA,,,,
120491,8168,213012893-W2-Milk-RNA,,,,
120492,8168,213012869-W2-Milk-RNA,,,,
120493,8168,213012868-W2-Milk-RNA,,,,
120494,8168,213012838-W2-Milk-RNA,,,,
120495,8168,213012834-W2-Milk-RNA,,,,
120496,8168,213012832-W2-Milk-RNA,,,,
120497,8168,213012829-W2-Milk-RNA,,,,
120498,8168,213012826-W2-Milk-RNA,,,,
120499,8168,213012825-W2-Milk-RNA,,,,
120500,8168,211012557-W2-Milk-RNA,,,,
120501,8168,211012538-W2-Milk-RNA,,,,
120502,8168,210004820-W2-Milk-RNA,,,,
120503,8168,210004818-W2-Milk-RNA,,,,
120504,8168,210004794-W2-Milk-RNA,,,,
120505,8168,210004788-W2-Milk-RNA,,,,
120506,8168,209021321-W2-Milk-RNA,,,,
120507,8168,209021318-W2-Milk-RNA,,,,
120508,8168,208024121-W-Milk-RNA,,,,
120509,8168,208000985-W2-Milk-RNA,,,,
120510,8168,206014056-W-Milk-RNA,,,,
120511,8168,206014020-W-Milk-RNA,,,,
120512,8168,Y10ST0106-W2-Milk-RNA,,,,
120513,8168,Y10ST0106-W2-Blood-RNA,,,,
120514,8168,Y10ST0027-W2-Milk-RNA,,,,
120515,8168,Y10ST0027-W2-Blood-RNA,,,,
120516,8168,210004817-W2-Milk-RNA,,,,
120517,8168,210004817-W2-Blood-RNA,,,,
120518,8168,70753,,,,
120519,8168,70755,,,,
120520,8168,61355,,,,
120521,8168,LJA 274,,,,
120522,8168,LJA 282,,,,
120523,8168,LJA167,,,,
120524,8168,LJA280,,,,
120525,8168,LJA 287,,,,
120526,8168,LJA 286,,,,
120527,8168,LJA 285,,,,
120528,8168,LJA 257,,,,
120529,8168,LJA 236,,,,
120530,8168,LJA 235,,,,
120531,8168,LJA 220,,,,
120532,8168,LJA 206,,,,
120533,8168,LJA 263,,,,
120534,8168,LJA 234b,,,,
120535,8168,LJA 219,,,,
120536,8168,LJA 205,,,,
120537,8168,LJA 233,,,,
120538,8168,LJA232a,,,,
120539,8168,LJA 217,,,,
120541,8168,LJA 237,,,,
120542,8168,AG0091-699,,,,
120686,154184,K039091_07,,,,
120687,154184,K039091_08,,,,
120688,154184,K039091_09,,,,
120689,154184,K039092_01,,,,
120690,154184,K039092_02,,,,
120691,154184,K039092_03,,,,
120692,154184,K039092_04,,,,
120693,154184,K039092_05,,,,
120694,154184,K039093_01,,,,
120695,154184,K039093_02,,,,
120696,154184,K039093_03,,,,
120697,154186,HC0909-d_09,,,,
120698,154186,K039099_01,,,,
120699,154186,K039099_02,,,,
120700,154186,K039099_03,,,,
120701,154186,K039099_04,,,,
120702,154186,K039099_05,,,,
120703,154186,K039100_07,,,,
120704,154186,K039100_08,,,,
120705,154189,HC1206-a_02,,,,
120706,154189,HC1206-a_03,,,,
120707,154189,HC1206-a_09,,,,
120708,154189,HC1206-d_06,,,,
120709,154189,HC1206-d_07,,,,
120710,154189,HC1206-d_08,,,,
120711,154189,HC1206-d_09,,,,
120712,154189,HC1206-d_10,,,,
120713,154189,K039104_02,,,,
120714,154189,K039105_01,,,,
120715,154189,K039105_02,,,,
120716,154189,K039105_03,,,,
120717,154189,K039105_04,,,,
120718,154189,K039105_05,,,,
120719,154192,HC1912-2_02,,,,
120720,154192,HC1912-2_03,,,,
120721,154192,HC1912-2_04,,,,
120722,154192,HC1912-b_01,,,,
120723,154192,HC1912-b_08,,,,
120724,154192,K039112_01,,,,
120725,154192,K039112_02,,,,
120726,154192,K039112_03,,,,
120727,154192,K039112_04,,,,
120728,154192,K039112_05,,,,
120729,154195,HC2202-t_04,,,,
120730,154195,HC2202-t_05,,,,
120731,154195,K039117_01,,,,
120732,154195,K039117_03,,,,
120733,154195,K039117_06,,,,
120734,154195,K039118_01,,,,
120735,154195,K039118_02,,,,
120736,154195,K039118_03,,,,
120737,154195,K039118_04,,,,
120738,154195,K039118_05,,,,
120739,154200,K039126_01,,,,
120740,154200,K039126_02,,,,
120741,154200,K039127_01,,,,
120742,154200,K039127_02,,,,
120743,154200,K039129_01,,,,
120744,154200,K039129_02,,,,
120745,154200,K039129_03,,,,
120746,154200,K039131_01,,,,
120747,154205,HC3403-3_10,,,,
120748,154205,HC3403-3_16,,,,
120749,154205,HC3403-3_17,,,,
120750,154205,HC3403-8_01,,,,
120751,154205,HC3403-8_08,,,,
120752,154205,HC3403-8_09,,,,
120753,154205,HC3403-8_10,,,,
120754,154205,HC3403-8_11,,,,
120755,154205,HC3403-8_12,,,,
120756,154205,HC3403-8_13,,,,
120757,154205,HC3403-8_14,,,,
120758,154205,K039135_01,,,,
120759,154205,K039135_02,,,,
120760,154205,K039135_03,,,,
120761,154205,K039135_04,,,,
120762,154205,K039135_05,,,,
120763,154221,HC5504-1_02,,,,
120764,154221,HC5504-1_03,,,,
120765,154221,HC5504-1_04,,,,
120766,154221,HC5504-3_03,,,,
120767,154221,HC5504-3_04,,,,
120768,154221,K039168_01,,,,
120769,154221,K039168_02,,,,
120770,154221,K039168_03,,,,
120771,154221,K039168_04,,,,
120772,154221,K039168_05,,,,
120773,154223,HC5803-2_01,,,,
120774,154223,HC5803-7_09,,,,
120775,154223,K039170_01,,,,
120776,154223,K039170_02,,,,
120777,154223,K039170_03,,,,
120778,154223,K039170_04,,,,
120779,154223,K039170_05,,,,
120780,154223,K039171_01,,,,
120781,154223,K039172_01,,,,
120782,29158,K039174_01,,,,
120783,29158,K039174_02,,,,
120784,29158,K039174_03,,,,
120785,29158,K039174_04,,,,
120786,29158,K039174_05,,,,
120787,29158,K039175_01,,,,
120788,29158,K039176_01,,,,
120789,29158,K039177_01,,,,
120790,154226,K039178_01,,,,
120791,154226,K039178_02,,,,
120792,154226,K039178_03,,,,
120793,154226,K039178_04,,,,
120794,154226,K039178_05,,,,
120795,154226,K039179_01,,,,
120796,154226,K039179_06,,,,
120797,154226,K039181_01,,,,
120798,154226,K039181_02,,,,
120799,154227,K039184_01,,,,
120800,154227,K039184_02,,,,
120801,154227,K039184_03,,,,
120802,154227,K039184_04,,,,
120803,154227,K039184_05,,,,
120804,154227,K039185_02,,,,
120805,154227,K039186_11,,,,
120806,154227,K039186_12,,,,
120807,154227,K039186_13,,,,
120808,154227,K039186_14,,,,
120809,154227,K039186_15,,,,
120810,154227,K039186_16,,,,
120811,154229,K039197_01,,,,
120812,154229,K039197_02,,,,
120813,154229,K039198_01,,,,
120814,154229,K039198_02,,,,
120815,154229,K039199_02,,,,
120816,154229,K039200_01,,,,
120817,154229,K039200_02,,,,
120818,154229,K039200_03,,,,
120819,154229,K039201_04,,,,
120820,154230,K039203_01,,,,
120821,154230,K039203_02,,,,
120822,154230,K039203_03,,,,
120823,154230,K039203_04,,,,
120824,154230,K039203_05,,,,
120825,154230,K039204_06,,,,
120826,154232,K039205_01,,,,
120827,154232,K039205_02,,,,
120828,154232,K039205_03,,,,
120829,154232,K039205_04,,,,
120830,154232,K039205_05,,,,
120831,154232,K039209_03,,,,
120832,154232,K039209_09,,,,
120833,154232,K039209_10,,,,
120834,154232,K039209_11,,,,
120835,154232,K039216_01,,,,
120836,154232,K039216_02,,,,
120837,154232,K039216_04,,,,
120838,154232,K039216_05,,,,
120856,1129777,Heuphorbiae-Gut-CON1,,,,
120857,1129777,Heuphorbiae-Gut-CON2,,,,
120858,1129777,Heuphorbiae-Gut-TPA1,,,,
120859,1129777,Heuphorbiae-Gut-TPA2,,,,
120860,1129777,Heuphorbiae-Integument-CON1,,,,
120861,1129777,Heuphorbiae-Integument-CON2,,,,
120862,1129777,Heuphorbiae-Integument-TPA1,,,,
120863,1129777,Heuphorbiae-Integument-TPA2,,,,
120864,1129778,LG2117,,,,
120876,1129779,SAMN10485398,,,,
120877,1165,SAMN10762653,,,,
120878,16266,SAMN05981503,,,,
120879,1129780,SAMN10762815,,,,
120880,36455,SAMN10762816,,,,
120881,12721,SAMN10764971,,,,
120882,1129781,SAMN10764955,,,,
120883,1129782,SAMN10764959,,,,
120884,80129,SAMN10364938,,,,
120885,53654,SAMN06647797,,,,
120886,13241,SAMN10364939,,,,
120887,154126,SAMN10364940,,,,
120888,1129783,SAMN10765043,,,,
120889,1129784,SAMN10765146,,,,
120896,21,261365,,,,
120897,21,261366,,,,
120898,21,261367,,,,
120899,21,261368,,,,
120900,21,262641,,,,
120901,21,293851,,,,
120902,21,294213,,,,
120903,21,254071,,,,
120904,21,261032,,,,
120905,21,294211,,,,
120906,21,294212,,,,
120907,21,159868,,,,
120908,21,159863,,,,
120909,21,159865,,,,
120910,21,159866,,,,
120911,21,159867,,,,
120912,21,159869,,,,
120913,21,254072,,,,
120914,21,261036,,,,
120915,21,M4,,,,
120916,21,M5,,,,
120917,21,T0,,,,
120918,21,T2,,,,
120919,21,R2,,,,
120920,21,R3,,,,
120921,21,R4,,,,
120922,21,R5,,,,
120923,21,R6,,,,
120924,21,R8,,,,
120925,21,R9,,,,
120928,7,DLBCL_01,,,,
120929,7,DLBCL_02,,,,
120930,7,DLBCL_03,,,,
120931,7,DLBCL_04,,,,
120932,7,DLBCL_05,,,,
120933,7,DLBCL_06,,,,
120934,7,DLBCL_07,,,,
120935,7,DLBCL_08,,,,
120936,7,DLBCL_09,,,,
120937,7,DLBCL_10,,,,
120938,7,DLBCL_11,,,,
120939,7,DLBCL_12,,,,
120940,7,DLBCL_13,,,,
120941,7,DLBCL_14,,,,
120942,7,DLBCL_15,,,,
120943,7,DLBCL_16,,,,
120944,7,DLBCL_17,,,,
120945,7,DLBCL_18,,,,
120946,7,DLBCL_19,,,,
120947,7,DLBCL_20,,,,
120948,7,DLBCL_21,,,,
120949,7,DLBCL_22,,,,
120950,7,DLBCL_23,,,,
120951,7,DLBCL_24,,,,
120952,7,DLBCL_25,,,,
120953,7,DLBCL_26,,,,
120954,7,DLBCL_27,,,,
120955,7,DLBCL_28,,,,
120956,7,DLBCL_29,,,,
120957,7,DLBCL_30,,,,
120958,7,DLBCL_31,,,,
120959,7,DLBCL_32,,,,
120960,7,DLBCL_33,,,,
120961,7,DLBCL_34,,,,
120962,7,DLBCL_35,,,,
120963,7,DLBCL_36,,,,
120964,7,DLBCL_37,,,,
120965,7,DLBCL_38,,,,
120966,7,DLBCL_39,,,,
120967,7,DLBCL_40,,,,
120968,7,DLBCL_41,,,,
120969,7,DLBCL_42,,,,
120970,7,DLBCL_43,,,,
120971,7,DLBCL_44,,,,
121018,3081,AT023_023341_001,,,,
121019,3081,AT023_023341_002,,,,
121020,3081,AT023_023341_003,,,,
121021,3081,AT023_023341_004,,,,
121022,3081,AT023_025312_001,,,,
121023,3081,AT023_026311_001,,,,
121024,3081,AT023_072342_001,,,,
121025,3081,AT023_072342_002,,,,
121026,3081,AT023_072342_003,,,,
121027,3081,AT023_072342_004,,,,
121028,3081,AT023_072343_001,,,,
121029,3081,AT023_072343_002,,,,
121030,3081,AT023_072343_004,,,,
121031,3081,AT023_072343_3_003,,,,
121032,3081,AT023_074341_001,,,,
121033,3081,AT023_074341_002,,,,
121034,3081,AT023_074341_003,,,,
121035,3081,AT023_074341_004,,,,
121036,3081,AT023_152342_001,,,,
121037,3081,AT023_152342_002,,,,
121038,3081,AT023_152342_003,,,,
121039,3081,AT023_152342_004,,,,
121040,3081,AT023_156313_001,,,,
121041,3081,AT023_157341_001,,,,
121042,3081,AT023_157341_002,,,,
121043,3081,AT023_157341_003,,,,
121044,3081,AT023_157341_004,,,,
121045,3081,AT024_236343_001,,,,
121046,3081,AT024_236343_002,,,,
121047,3081,AT024_236343_003,,,,
121048,3081,AT024_236343_004,,,,
121049,3081,AT024_240343_001,,,,
121050,3081,AT024_240343_002,,,,
121051,3081,AT024_240343_003,,,,
121052,3081,AT024_240343_004,,,,
121053,3081,AT024_246343_001,,,,
121054,3081,AT024_246343_002,,,,
121055,3081,AT024_246343_003,,,,
121056,3081,AT024_246343_004,,,,
121057,3081,AT024_250341_001,,,,
121058,3081,AT024_250341_002,,,,
121059,3081,AT024_250341_003,,,,
121060,3081,AT024_250341_004,,,,
121061,3081,AT024_250343_001,,,,
121062,3081,AT024_250343_002,,,,
121063,3081,AT024_250343_003,,,,
121064,3081,AT024_250343_004,,,,
121065,3081,AT024_254341_001,,,,
121066,3081,AT024_254341_002,,,,
121067,3081,AT024_254341_003,,,,
121068,3081,AT024_254341_004,,,,
121069,3081,AT024_260343_001,,,,
121070,3081,AT024_260343_002,,,,
121071,3081,AT024_260343_003,,,,
121072,3081,AT024_260343_004,,,,
121073,3081,AT024_262343_001,,,,
121074,3081,AT024_262343_002,,,,
121075,3081,AT024_262343_003,,,,
121076,3081,AT024_262343_004,,,,
121077,3081,AT024_265343_001,,,,
121078,3081,AT024_266341_001,,,,
121079,3081,AT024_266341_002,,,,
121080,3081,AT024_266341_003,,,,
121081,3081,AT024_268342_001,,,,
121082,3081,AT024_268342_002,,,,
121083,3081,AT024_268342_003,,,,
121084,3081,AT024_268342_004,,,,
121085,3081,AT024_276341_001,,,,
121086,3081,AT024_276341_002,,,,
121087,3081,AT024_276341_003,,,,
121088,3081,AT024_276341_004,,,,
121089,3081,AT024_280342_001,,,,
121090,3081,AT024_280342_002,,,,
121091,3081,AT024_280342_003,,,,
121092,3081,AT024_280342_004,,,,
121093,3081,AT024_289342_001,,,,
121094,3081,AT024_289342_002,,,,
121095,3081,AT024_289342_003,,,,
121096,3081,AT024_289342_004,,,,
121097,3081,AT024_292343_001,,,,
121098,3081,AT024_292343_002,,,,
121099,3081,AT024_292343_003,,,,
121100,3081,AT024_292343_004,,,,
121101,3081,AT025_361341_001,,,,
121102,3081,AT025_361341_002,,,,
121103,3081,AT025_361341_003,,,,
121104,3081,AT025_361341_004,,,,
121105,3081,AT025_363313_001,,,,
121106,3081,AT025_367312_001,,,,
121107,3081,AT025_369342_001,,,,
121108,3081,AT025_369342_002,,,,
121109,3081,AT025_369342_003,,,,
121110,3081,AT025_369342_004,,,,
121111,3081,AT025_371341_001,,,,
121112,3081,AT025_371341_002,,,,
121113,3081,AT025_371341_003,,,,
121114,3081,AT025_371341_004,,,,
121115,3081,AT025_371343_001,,,,
121116,3081,AT025_371343_002,,,,
121117,3081,AT025_371343_003,,,,
121118,3081,AT025_371343_004,,,,
121119,3081,AT025_372312_001,,,,
121120,3081,AT025_375311_001,,,,
121121,3081,AT025_375342_001,,,,
121122,3081,AT025_375342_002,,,,
121123,3081,AT025_375342_003,,,,
121124,3081,AT025_375342_004,,,,
121125,3081,AT025_376342_001,,,,
121126,3081,AT025_376342_002,,,,
121127,3081,AT025_376342_003,,,,
121128,3081,AT025_376342_004,,,,
121129,3081,AT025_377312_001,,,,
121130,3081,AT025_377343_001,,,,
121131,3081,AT025_377343_002,,,,
121132,3081,AT025_377343_003,,,,
121133,3081,AT025_377343_004,,,,
121134,3081,AT025_379342_001,,,,
121135,3081,AT025_379342_002,,,,
121136,3081,AT025_379342_003,,,,
121137,3081,AT025_379342_004,,,,
121138,3081,AT025_380311_001,,,,
121139,3081,AT025_380312_001,,,,
121140,3081,AT025_382343_001,,,,
121141,3081,AT025_382343_002,,,,
121142,3081,AT025_382343_003,,,,
121143,3081,AT025_382343_004,,,,
121144,3081,AT025_385313_001,,,,
121145,3081,AT025_385342_001,,,,
121146,3081,AT025_385342_002,,,,
121147,3081,AT025_385342_003,,,,
121148,3081,AT025_385342_004,,,,
121149,3081,AT025_385343_001,,,,
121150,3081,AT025_385343_002,,,,
121151,3081,AT025_385343_003,,,,
121152,3081,AT025_385343_004,,,,
121153,3081,AT025_388341_001,,,,
121154,3081,AT025_388341_002,,,,
121155,3081,AT025_388341_003,,,,
121156,3081,AT025_388341_004,,,,
121157,3081,AT025_392341_001,,,,
121158,3081,AT025_392341_002,,,,
121159,3081,AT025_392341_003,,,,
121160,3081,AT025_392341_004,,,,
121161,3081,AT025_395311_001,,,,
121794,19,BGI_BMX_BMX0001,,,,
121795,19,BGI_BMX_BMX0005,,,,
121796,19,BGI_BMX_BMX0012,,,,
121797,19,BGI_BMX_BMX0013,,,,
121798,19,BGI_BMX_BMX0014,,,,
121799,19,BGI_BMX_BMX0015,,,,
121800,19,BGI_CWB_NCYZ0010,,,,
121801,19,BGI_CWB_NCYZ0013,,,,
121802,19,BGI_CWB_SYWB103,,,,
121803,19,BGI_CWB_SYWB205,,,,
121804,19,BGI_CWB_ZJWB01,,,,
121805,19,BGI_CWB_ZJWB02,,,,
121806,19,EB2_5,,,,
121807,19,EB2_6,,,,
121808,19,CB10_1,,,,
121809,19,BGI_EHL_ER_CS0234,,,,
121810,19,BGI_EHL_ER_CS3544,,,,
121811,19,BGI_EHL_0F0202,,,,
121812,19,BGI_EHL_0F0090,,,,
121813,19,BGI_EHL_0F0094,,,,
121814,19,Erhualian_17,,,,
121815,19,Erhualian_12,,,,
121816,19,Erhualian_11,,,,
121817,19,Erhualian_14,,,,
121818,19,Erhualian_13,,,,
121819,19,Erhualian_8,,,,
121820,19,Erhualian_7,,,,
121821,19,Erhualian_6,,,,
121822,19,Erhualian_5,,,,
121823,19,Erhualian_4,,,,
121824,19,Erhualian_3,,,,
121825,19,Erhualian_2,,,,
121826,19,Erhualian_1,,,,
121827,19,Erhualian_10,,,,
121828,19,Erhualian_9,,,,
121829,19,EB1_15,,,,
121830,19,EB1_16,,,,
121831,19,EB1_17,,,,
121832,19,EB1_18,,,,
121833,19,EB1_19,,,,
121834,19,EB1_20,,,,
121835,19,EB1_21,,,,
121836,19,EB1_22,,,,
121837,19,EB1_23,,,,
121838,19,EB1_24,,,,
121839,19,EB1_25,,,,
121840,19,EB1_26,,,,
121841,19,EB1_27,,,,
121842,19,EB1_28,,,,
121843,19,EB1_29,,,,
121844,19,EB1_30,,,,
121845,19,EB1_31,,,,
121846,19,EB1_32,,,,
121847,19,EB1_33,,,,
121848,19,EB1_34,,,,
121849,19,EB1_35,,,,
121850,19,EB1_36,,,,
121851,19,EB1_37,,,,
121852,19,EB1_38,,,,
121853,19,EB1_39,,,,
121854,19,EB1_40,,,,
121855,19,EB1_41,,,,
121856,19,EB1_42,,,,
121857,19,EB1_43,,,,
121858,19,EB1_44,,,,
121859,19,EB1_45,,,,
121860,19,EB1_46,,,,
121861,19,EB1_47,,,,
121862,19,EB1_48,,,,
121863,19,EB1_49,,,,
121864,19,EB1_50,,,,
121865,19,BGI_GST_R06,,,,
121866,19,BGI_GST_R11,,,,
121867,19,BGI_GST_R02,,,,
121868,19,BGI_GST_R05,,,,
121869,19,CB24-1,,,,
121870,19,CB24-2,,,,
121871,19,CB24-3,,,,
121872,19,CB24-4,,,,
121873,19,CB24-5,,,,
121874,19,CB24-6,,,,
121875,19,BGI_HTDE_HTDE12,,,,
121876,19,BGI_HTDE_HTDE70,,,,
121877,19,BGI_HTDE_HTDE125,,,,
121878,19,BGI_HTDE_HTDE201,,,,
121879,19,BGI_HTDE_HTDE314,,,,
121880,19,BGI_HTDE_HTDE328,,,,
121881,19,Jinhua-1,,,,
121882,19,Jinhua-2,,,,
121883,19,Jinhua-3,,,,
121884,19,Jinhua-4,,,,
121885,19,Jinhua-5,,,,
121886,19,Jinhua-6,,,,
121887,19,BGI_LUC_LUC201,,,,
121888,19,BGI_LUC_LUC207,,,,
121889,19,BGI_LUC_LUC208,,,,
121890,19,BGI_LUC_LUC202,,,,
121891,19,BGI_LUC_LUC206,,,,
121892,19,BGI_LUC_LUC2016,,,,
121893,19,BGI_LWH_LWH0F,,,,
121894,19,BGI_LWH_LWH0M,,,,
121895,19,BGI_LWH_LWH13,,,,
121896,19,BGI_LWH_LWH181,,,,
121897,19,BGI_LWH_LWH879,,,,
121898,19,BGI_LWH_LWH1183,,,,
121899,19,BGI_MIN_MZ-304-07,,,,
121900,19,BGI_MIN_MZ-307-00,,,,
121901,19,BGI_MIN_MZhu3134,,,,
121902,19,BGI_MIN_MZhu3252,,,,
121903,19,BGI_MIN_MZhu3312,,,,
121904,19,BGI_MIN_MZhu3126,,,,
121905,19,BGI_SCT_LTZ201,,,,
121906,19,BGI_SCT_LTZ203,,,,
121907,19,BGI_SCT_LTZ206,,,,
121908,19,BGI_SCT_LTZ208,,,,
121909,19,BGI_SCT_LTZ2011,,,,
121910,19,BGI_SCT_LTZ2016,,,,
121911,19,CB23-1,,,,
121912,19,CB23-2,,,,
121913,19,CB23-3,,,,
121914,19,CB23-4,,,,
121915,19,CB23-5,,,,
121916,19,CB23-6,,,,
121917,19,BGI_TT_B12,,,,
121918,19,BGI_TT_B40,,,,
121919,19,BGI_TT_MLZ7,,,,
121920,19,BGI_TT_MLZ14,,,,
121921,19,BGI_TT_MLZ30,,,,
121922,19,CB2_6,,,,
121923,19,CB21-1,,,,
121924,19,CB21-2,,,,
121925,19,CB21-3,,,,
121926,19,CB21-4,,,,
121927,19,CB21-5,,,,
121928,19,CB21-6,,,,
121929,19,BGI_WZS_WZS149,,,,
121930,19,BGI_WZS_WZS809,,,,
121931,19,BGI_WZS_WZS889,,,,
121932,19,BGI_WZS_WZS947,,,,
121933,19,BGI_WZS_WZS955,,,,
121934,19,BGI_WZS_WZS973,,,,
121935,19,BGI_YNT_DQZ12,,,,
121936,19,BGI_YNT_DQZ26,,,,
121937,19,BGI_YNT_DQZ4,,,,
121938,19,BGI_YNT_DQZ19,,,,
121939,19,BGI_YNT_DQZ24,,,,
121940,19,BGI_YNT_DQZ25,,,,
121941,19,CB22-1,,,,
121942,19,CB22-2,,,,
121943,19,CB22-3,,,,
121944,19,CB22-4,,,,
121945,19,CB22-5,,,,
121946,19,CB22-6,,,,
121947,19,WB29U14,,,,
121948,19,WB29U16,,,,
121949,19,WB30U09,,,,
121950,19,DU23M01_Duroc,,,,
121951,19,DU23M02_Duroc,,,,
121952,19,DU23M03_Duroc,,,,
121953,19,DU23M04_Duroc,,,,
121954,19,DRC1729,,,,
121955,19,DRC1735,,,,
121956,19,DRC1795,,,,
121957,19,DRC1933,,,,
121958,19,DRC1964,,,,
121959,19,DRC25-24,,,,
121960,19,DRC25-78,,,,
121961,19,DRC25-80,,,,
121962,19,DRC26-23,,,,
121963,19,DRC26-66,,,,
121964,19,DRC27-20,,,,
121965,19,DRC27-78,,,,
121966,19,DRC27-81,,,,
121967,19,DRCDAA8330,,,,
121968,19,DRCDAA8623,,,,
121969,19,DRCDAA9119,,,,
121970,19,DRCDAA9736,,,,
121971,19,DRCDAA9738,,,,
121972,19,WB21F03,,,,
121973,19,WB21F04,,,,
121974,19,WB21M05,,,,
121975,19,WB22F03,,,,
121976,19,WB22F04,,,,
121977,19,WB22M03,,,,
121978,19,WB20U02_Japan,,,,
121979,19,WB21F05_Netherlands,,,,
121980,19,WB21M03_Netherlands,,,,
121981,19,WB22F01_NL,,,,
121982,19,WB22F02_NL,,,,
121983,19,WB25U11,,,,
121984,19,WB33U04,,,,
121985,19,WB33U05,,,,
121986,19,WB42M09,,,,
121987,19,WB44U06,,,,
121988,19,WB44U07,,,,
121989,19,SAMEA1557391,,,,
121990,19,SAMEA1557400,,,,
121991,19,SAMEA1557403,,,,
121992,19,KL1(Yorkshire),,,,
121993,19,KL2(Yorkshire),,,,
121994,19,KL3(Yorkshire),,,,
121995,19,KL4(Yorkshire),,,,
121996,19,KL5(Yorkshire),,,,
121997,19,KL6(Yorkshire),,,,
121998,19,KL8(Yorkshire,,,,
121999,19,pig31(Yorkshire),,,,
122000,19,pig32(Yorkshire),,,,
122001,19,S_1(Yorkshire),,,,
122002,19,S_2(Yorkshire),,,,
122003,19,S_3(Yorkshire),,,,
122004,19,S_4(Yorkshire),,,,
122005,19,S_5(Yorkshire),,,,
122006,19,LR21M03,,,,
122007,19,LR24F01,,,,
122008,19,LR24F08,,,,
122009,19,LR30F02,,,,
122010,19,LR30F03,,,,
122011,19,S_10(Landrace),,,,
122012,19,S_11(Landrace),,,,
122013,19,S_12(Landrace),,,,
122014,19,S_13(Landrace),,,,
122015,19,S_14(Landrace),,,,
122016,19,S_15(Landrace),,,,
122017,19,S_17(Landrace),,,,
122018,19,S_18(Landrace),,,,
122019,19,S_19(Landrace),,,,
122020,19,S_20(Landrace),,,,
122021,19,S_7(Landrace),,,,
122022,19,MS20U10_Meishan,,,,
122023,19,MS20U11_Meishan,,,,
122024,19,MS21M07_Meishan,,,,
122025,19,MS21M14_Meishan,,,,
122026,19,MS20M03,,,,
122027,19,MS20M05,,,,
122028,19,MS20U13,,,,
122029,19,MS21M01,,,,
122030,19,MS21M05,,,,
122031,19,MS21M08,,,,
122032,22973,INDO26_Sbarbatus,,,,
122033,1129154,SCEB01F01_Scebifrons,,,,
122034,1129154,Scelebensis,,,,
122035,1129786,INDO22_Sumatra,,,,
122036,1129786,INDO33_Sumatra,,,,
122037,127425,Sverrucosus,,,,
122038,22631,OM001_Warthog,,,,
122039,19,PI21F02,,,,
122040,19,PI21F06,,,,
122041,19,PI21M17,,,,
122042,19,PI21M20,,,,
122043,19,PI21M21,,,,
122044,19,LW22F01,,,,
122045,19,LW22F02,,,,
122046,19,LW22F03,,,,
122047,19,LW22F04,,,,
122048,19,LW22F06,,,,
122049,19,LW22F07,,,,
122050,19,LW22M04,,,,
122051,19,LW22M07,,,,
122052,19,LW36F01,,,,
122053,19,LW36F02,,,,
122054,19,LW36F03,,,,
122055,19,LW36F04,,,,
122056,19,LW36F05,,,,
122057,19,LW36F06,,,,
122058,19,XI01U03,,,,
122059,19,XI01U04_Xiang,,,,
122122,107992,Canola_001,,,,
122123,3104,Radish_002,,,,
122124,1129041,Corn_003,,,,
122125,42386,SAMN09063451,,,,
122126,42386,SAMN09063339,,,,
122127,42386,SAMN09063313,,,,
122128,42386,SAMN09076371,,,,
122129,42386,SAMN09076299,,,,
122130,42386,SAMN09076300,,,,
122131,42386,SAMN09076325,,,,
122132,42386,SAMN09076324,,,,
122133,42386,SAMN09076316,,,,
122134,42386,SAMN09076323,,,,
122135,42386,SAMN09076317,,,,
122136,42386,SAMN09076322,,,,
122137,42386,SAMN09076343,,,,
122138,42386,SAMN09076318,,,,
122139,42386,SAMN09076342,,,,
122140,42386,SAMN09076319,,,,
122141,42386,SAMN09076321,,,,
122142,42386,SAMN09076320,,,,
122143,42386,SAMN09063366,,,,
122144,42386,SAMN09063365,,,,
122145,42386,SAMN09063389,,,,
122146,42386,SAMN09063388,,,,
122147,42386,SAMN09063387,,,,
122148,42386,SAMN09063386,,,,
122149,42386,SAMN09063385,,,,
122150,42386,SAMN09063325,,,,
122151,42386,SAMN09063384,,,,
122152,42386,SAMN09063383,,,,
122153,42386,SAMN09063290,,,,
122154,42386,SAMN09063364,,,,
122155,42386,SAMN09063291,,,,
122156,42386,SAMN09063363,,,,
122157,42386,SAMN09063382,,,,
122158,42386,SAMN09063362,,,,
122159,42386,SAMN09063292,,,,
122160,42386,SAMN09063361,,,,
122161,42386,SAMN09063326,,,,
122162,42386,SAMN09063360,,,,
122163,42386,SAMN09063293,,,,
122164,42386,SAMN09063359,,,,
122165,42386,SAMN09063327,,,,
122166,42386,SAMN09063358,,,,
122167,15201,SAMN13135887,,,,
122168,15201,SAMN13135888,,,,
122169,3788,DQ_ct_t1_r1,,,,
122170,3788,DQ_ct_t1_r2,,,,
122171,3788,DQ_ct_t1_r3,,,,
122172,3788,DQ_st_t1_r1,,,,
122173,3788,DQ_st_t1_r2,,,,
122174,3788,DQ_st_t1_r3,,,,
122175,3788,DQ_ct_t4_r1,,,,
122176,3788,DQ_ct_t4_r2,,,,
122177,3788,DQ_ct_t4_r3,,,,
122178,3788,DQ_st_t4_r1,,,,
122179,3788,DQ_st_t4_r2,,,,
122180,3788,DQ_st_t4_r3,,,,
122181,3788,DQ_ct_t8_r1,,,,
122182,3788,DQ_ct_t8_r2,,,,
122183,3788,DQ_ct_t8_r3,,,,
122184,3788,DQ_st_t8_r1,,,,
122185,3788,DQ_st_t8_r2,,,,
122186,3788,DQ_st_t8_r3,,,,
122187,3788,DQ_ct_t24_r1,,,,
122188,3788,DQ_ct_t24_r2,,,,
122189,3788,DQ_ct_t24_r3,,,,
122190,3788,DQ_st_t24_r1,,,,
122191,3788,DQ_st_t24_r2,,,,
122192,3788,DQ_st_t24_r3,,,,
122193,3788,DQ_ct_t48_r1,,,,
122194,3788,DQ_ct_t48_r2,,,,
122195,3788,DQ_ct_t48_r3,,,,
122196,3788,DQ_st_t48_r1,,,,
122197,3788,DQ_st_t48_r2,,,,
122198,3788,DQ_st_t48_r3,,,,
122199,3788,XL_ct_t1_r1,,,,
122200,3788,XL_ct_t1_r2,,,,
122201,3788,XL_ct_t1_r3,,,,
122202,3788,XL_st_t1_r1,,,,
122203,3788,XL_st_t1_r2,,,,
122204,3788,XL_st_t1_r3,,,,
122205,3788,XL_ct_t4_r1,,,,
122206,3788,XL_ct_t4_r2,,,,
122207,3788,XL_ct_t4_r3,,,,
122208,3788,XL_st_t4_r1,,,,
122209,3788,XL_st_t4_r2,,,,
122210,3788,XL_st_t4_r3,,,,
122211,3788,XL_ct_t8_r1,,,,
122212,3788,XL_ct_t8_r2,,,,
122213,3788,XL_ct_t8_r3,,,,
122214,3788,XL_st_t8_r1,,,,
122215,3788,XL_st_t8_r2,,,,
122216,3788,XL_st_t8_r3,,,,
122217,3788,XL_ct_t24_r1,,,,
122218,3788,XL_ct_t24_r2,,,,
122219,3788,XL_ct_t24_r3,,,,
122220,3788,XL_st_t24_r1,,,,
122221,3788,XL_st_t24_r2,,,,
122222,3788,XL_st_t24_r3,,,,
122223,3788,XL_ct_t48_r1,,,,
122224,3788,XL_ct_t48_r2,,,,
122225,3788,XL_ct_t48_r3,,,,
122226,3788,XL_st_t48_r1,,,,
122227,3788,XL_st_t48_r2,,,,
122228,3788,XL_st_t48_r3,,,,
